datetime,A Bus Voltage,A Current,Feed voltage in,Recirculation voltage in,Feed voltage set
2023-08-15 17:53:25.497010,0.00 V,47.10 mA,0.00,0.00,-2.80
2023-08-15 17:53:31.541331,32.00 V,119.80 mA,0.00,0.00,-2.80
2023-08-15 17:53:37.585668,0.00 V,106.80 mA,0.00,0.00,-2.80
2023-08-15 17:53:43.629707,32.00 V,120.00 mA,0.00,0.00,-2.80
2023-08-15 17:53:49.673930,0.00 V,47.10 mA,0.00,0.00,-2.80
2023-08-15 17:53:55.717979,0.00 V,120.20 mA,0.00,0.00,-2.80
2023-08-15 17:55:05.222412,0.00 V,110.70 mA,0.00,0.00,-2.80
2023-08-15 17:55:11.266328,18.93 V,119.70 mA,0.00,0.00,-2.80
2023-08-15 17:55:23.354291,1.31 V,120.20 mA,0.00,0.00,-2.80
2023-08-15 17:55:29.399049,1.08 V,63.90 mA,0.00,0.00,-2.80
2023-08-15 17:55:35.444188,0.00 V,119.90 mA,0.00,0.00,-2.80
2023-08-15 17:55:41.488246,1.01 V,120.10 mA,0.00,0.00,-2.80
2023-08-15 17:55:47.532430,1.09 V,44.80 mA,0.00,0.00,-2.80
2023-08-15 17:56:17.751444,0.00 V,120.20 mA,0.00,0.00,-2.80
2023-08-15 17:56:23.796524,32.00 V,119.80 mA,0.00,0.00,-2.80
2023-08-15 17:56:29.840597,29.68 V,50.20 mA,0.00,0.00,-2.80
2023-08-15 17:56:35.884597,1.03 V,105.00 mA,0.00,0.00,-2.80
2023-08-15 17:56:41.928837,0.00 V,119.90 mA,0.00,0.00,-2.80
2023-08-15 17:58:00.483812,0.00 V,120.00 mA,0.00,0.00,-2.80
2023-08-15 17:58:06.527754,32.00 V,119.90 mA,0.00,0.00,-2.80
2023-08-15 17:58:12.571495,0.00 V,119.60 mA,0.00,0.00,-2.80
2023-08-15 17:58:18.615768,2.50 V,119.90 mA,0.00,0.00,-2.80
2023-08-15 17:58:24.659985,0.00 V,120.20 mA,0.00,0.00,-2.80
2023-08-15 18:00:13.417538,32.00 V,97.70 mA,0.50,0.20,618.65
2023-08-15 18:00:19.461453,0.00 V,119.90 mA,0.50,0.20,618.65
2023-08-15 18:00:25.505399,32.00 V,117.60 mA,0.50,0.20,618.65
2023-08-15 18:00:31.549265,0.00 V,119.80 mA,0.50,0.20,618.65
2023-08-15 18:00:37.593350,32.00 V,104.00 mA,0.50,0.20,618.65
2023-08-15 18:01:14.854581,0.96 V,119.80 mA,0.50,0.20,618.65
2023-08-15 18:01:20.898596,0.00 V,70.60 mA,0.50,0.20,618.65
2023-08-15 18:01:26.941999,0.91 V,103.70 mA,0.50,0.20,618.65
2023-08-15 18:01:32.985185,1.09 V,121.00 mA,0.50,0.20,618.65
2023-08-15 18:01:39.028624,0.00 V,120.10 mA,0.50,0.20,618.65
2023-08-15 18:02:44.483915,1.13 V,119.80 mA,0.50,0.20,618.65
2023-08-15 18:02:50.528322,1.10 V,120.20 mA,0.50,0.20,618.65
2023-08-15 18:02:56.572471,1.09 V,119.70 mA,0.50,0.20,618.65
2023-08-15 18:03:02.616266,1.11 V,120.20 mA,0.50,0.20,618.65
2023-08-15 18:03:08.660168,32.00 V,120.20 mA,0.50,0.20,618.65
2023-08-15 18:04:51.387077,2.31 V,119.90 mA,0.50,0.20,618.65
2023-08-15 18:04:57.431066,1.06 V,51.80 mA,0.50,0.20,618.65
2023-08-15 18:05:03.474783,0.00 V,120.30 mA,0.50,0.20,618.65
2023-08-15 18:05:09.518316,1.05 V,56.30 mA,0.50,0.20,618.65
2023-08-15 18:05:15.561772,0.00 V,120.40 mA,0.50,0.20,618.65
2023-08-15 18:06:02.892374,0.50 V,112.50 mA,0.50,0.20,618.65
2023-08-15 18:06:08.936279,0.00 V,113.60 mA,0.50,0.20,618.65
2023-08-15 18:06:14.980194,0.00 V,100.40 mA,0.50,0.20,618.65
2023-08-15 18:06:21.025055,0.00 V,79.10 mA,0.50,0.20,618.65
2023-08-15 18:06:27.069770,0.00 V,46.50 mA,0.50,0.20,618.65
2023-08-15 18:08:47.050053,32.00 V,120.70 mA,0.50,0.20,618.65
2023-08-15 18:08:53.093328,29.63 V,120.10 mA,0.50,0.20,618.65
2023-08-15 18:08:59.136930,32.00 V,120.30 mA,0.50,0.20,618.65
2023-08-15 18:09:05.181177,32.00 V,119.80 mA,0.50,0.20,618.65
2023-08-15 18:09:11.225479,32.00 V,120.80 mA,0.50,0.20,618.65
2023-08-15 18:10:54.953602,1.22 V,120.60 mA,0.50,0.20,618.65
2023-08-15 18:11:00.997887,1.12 V,119.60 mA,0.50,0.20,618.65
2023-08-15 18:11:07.041785,1.11 V,120.00 mA,0.50,0.20,618.65
2023-08-15 18:11:13.085652,1.04 V,119.90 mA,0.50,0.20,618.65
2023-08-15 18:11:19.129137,0.00 V,120.10 mA,0.50,0.20,618.65
2023-08-15 18:12:24.590288,32.00 V,119.90 mA,0.00,0.20,-2.80
2023-08-15 18:12:30.633802,0.98 V,120.00 mA,0.00,0.20,-2.80
2023-08-15 18:12:36.677649,0.00 V,93.70 mA,0.00,0.20,-2.80
2023-08-15 18:12:42.721171,0.00 V,46.30 mA,0.00,0.20,-2.80
2023-08-15 18:12:48.765609,0.00 V,106.60 mA,0.00,0.20,-2.80
2023-08-15 18:13:32.069758,0.00 V,119.90 mA,0.00,0.20,-2.80
2023-08-15 18:13:38.113509,0.00 V,98.30 mA,0.00,0.20,-2.80
2023-08-15 18:13:44.157694,0.00 V,46.90 mA,0.00,0.20,-2.80
2023-08-15 18:13:50.201371,0.00 V,53.70 mA,0.00,0.20,-2.80
2023-08-15 18:13:56.244894,0.00 V,56.90 mA,0.00,0.20,-2.80
2023-08-15 18:14:48.609461,0.00 V,109.70 mA,0.00,0.20,-2.80
2023-08-15 18:15:25.575513,0.96 V,120.20 mA,0.00,0.00,-2.80
2023-08-15 18:15:31.618781,0.00 V,120.10 mA,0.00,0.00,-2.80
2023-08-15 18:15:37.662181,0.00 V,55.50 mA,0.00,0.00,-2.80
2023-08-15 18:15:43.706715,0.00 V,46.60 mA,0.00,0.00,-2.80
2023-08-15 18:15:49.750984,0.00 V,46.20 mA,0.00,0.00,-2.80
2023-08-15 18:15:56.794356,0.00 V,46.80 mA,0.00,0.20,-2.80
2023-08-15 18:16:02.837905,29.64 V,116.10 mA,0.00,0.20,-2.80
2023-08-15 18:16:08.881571,1.12 V,120.60 mA,0.00,0.20,-2.80
2023-08-15 18:16:14.925226,0.00 V,119.80 mA,0.00,0.20,-2.80
2023-08-15 18:16:20.968373,0.00 V,60.30 mA,0.00,0.20,-2.80
2023-08-15 18:17:01.219997,0.00 V,106.30 mA,0.00,0.20,-2.80
2023-08-15 18:17:10.218634,0.00 V,106.30 mA,0.00,0.20,-2.80
2023-08-15 18:17:19.217541,0.00 V,106.30 mA,0.00,0.20,-2.80
2023-08-15 18:17:25.217637,0.00 V,106.30 mA,0.00,0.20,-2.80
2023-08-15 18:17:32.216006,0.00 V,106.30 mA,0.00,0.20,-2.80
2023-08-15 18:17:38.216106,0.00 V,106.30 mA,0.00,0.20,-2.80
2023-08-15 18:17:47.215226,0.00 V,106.30 mA,0.00,0.20,-2.80
2023-08-15 18:21:32.892282,1.11 V,119.90 mA,0.00,0.00,-2.80
2023-08-15 18:21:38.934701,20.98 V,120.80 mA,0.00,0.00,-2.80
2023-08-15 18:21:44.977855,0.00 V,108.70 mA,0.00,0.00,-2.80
2023-08-15 18:21:51.020432,32.00 V,119.80 mA,0.00,0.00,-2.80
2023-08-15 18:21:57.063039,0.00 V,119.70 mA,0.00,0.00,-2.80
2023-08-15 18:22:04.104674,1.10 V,89.60 mA,0.00,0.20,-2.80
2023-08-15 18:22:10.147523,1.42 V,120.60 mA,0.00,0.20,-2.80
2023-08-15 18:22:16.190382,0.00 V,103.40 mA,0.00,0.20,-2.80
2023-08-15 18:22:22.233637,1.08 V,119.90 mA,0.00,0.20,-2.80
2023-08-15 18:22:28.277572,0.95 V,120.40 mA,0.00,0.20,-2.80
2023-08-15 18:22:35.320601,0.00 V,111.00 mA,0.00,0.20,-2.80
2023-08-15 18:22:41.364577,32.00 V,120.10 mA,0.00,0.20,-2.80
2023-08-15 18:22:47.408961,0.00 V,113.60 mA,0.00,0.20,-2.80
2023-08-15 18:22:53.452990,0.10 V,120.30 mA,0.00,0.20,-2.80
2023-08-15 18:22:59.497070,32.00 V,114.30 mA,0.00,0.20,-2.80
2023-08-15 18:23:06.540704,0.84 V,108.00 mA,0.00,0.20,-2.80
2023-08-15 18:25:25.496180,1.12 V,119.20 mA,0.00,0.20,-2.80
2023-08-15 18:25:31.538899,0.00 V,120.60 mA,0.00,0.20,-2.80
2023-08-15 18:25:37.581731,0.00 V,47.10 mA,0.00,0.20,-2.80
2023-08-15 18:25:43.623509,1.12 V,120.20 mA,0.00,0.20,-2.80
2023-08-15 18:25:49.666012,0.00 V,120.50 mA,0.00,0.20,-2.80
2023-08-15 18:25:56.708341,0.97 V,46.30 mA,0.00,0.20,-2.80
2023-08-15 18:26:02.751333,0.00 V,120.80 mA,0.00,0.20,-2.80
2023-08-15 18:26:08.794647,1.07 V,56.20 mA,0.00,0.20,-2.80
2023-08-15 18:26:14.837531,0.11 V,120.60 mA,0.00,0.20,-2.80
2023-08-15 18:26:20.880915,1.06 V,53.90 mA,0.00,0.20,-2.80
2023-08-15 18:26:27.922628,0.73 V,120.60 mA,0.00,0.20,-2.80
2023-08-15 18:26:33.965505,0.00 V,47.10 mA,0.00,0.20,-2.80
2023-08-15 18:26:40.008860,0.60 V,120.40 mA,0.00,0.20,-2.80
2023-08-15 18:26:46.051641,1.03 V,51.40 mA,0.00,0.20,-2.80
2023-08-15 18:26:52.094133,0.00 V,120.20 mA,0.00,0.20,-2.80
2023-08-15 18:26:59.136375,1.09 V,105.40 mA,0.00,0.20,-2.80
2023-08-15 18:27:05.179280,0.00 V,120.40 mA,0.00,0.20,-2.80
2023-08-15 18:27:11.221876,0.00 V,46.90 mA,0.00,0.20,-2.80
2023-08-15 18:27:17.264226,1.08 V,120.10 mA,0.00,0.20,-2.80
2023-08-15 18:27:23.307072,1.20 V,119.80 mA,0.00,0.20,-2.80
2023-08-15 18:27:30.349476,32.00 V,120.50 mA,0.00,0.20,-2.80
2023-08-15 18:27:36.392568,2.72 V,120.70 mA,0.00,0.20,-2.80
2023-08-15 18:27:42.436768,0.00 V,108.10 mA,0.00,0.20,-2.80
2023-08-15 18:27:48.480898,1.12 V,120.10 mA,0.00,0.20,-2.80
2023-08-15 18:27:54.524986,32.00 V,120.90 mA,0.00,0.20,-2.80
2023-08-15 18:28:01.569368,0.41 V,120.10 mA,0.00,0.20,-2.80
2023-08-15 18:28:07.613908,0.00 V,108.40 mA,0.00,0.20,-2.80
2023-08-15 18:28:13.658709,0.00 V,46.60 mA,0.00,0.20,-2.80
2023-08-15 18:28:19.702934,0.00 V,51.00 mA,0.00,0.20,-2.80
2023-08-15 18:28:25.746547,0.00 V,54.30 mA,0.00,0.20,-2.80
2023-08-15 18:28:32.789817,0.00 V,52.20 mA,0.00,0.20,-2.80
2023-08-15 18:28:38.834033,0.00 V,112.90 mA,0.00,0.20,-2.80
2023-08-15 18:28:44.878380,0.00 V,99.30 mA,0.00,0.20,-2.80
2023-08-15 18:28:50.922581,0.00 V,84.90 mA,0.00,0.20,-2.80
2023-08-15 18:28:56.966402,0.00 V,102.10 mA,0.00,0.20,-2.80
2023-08-15 18:29:04.010148,0.39 V,108.20 mA,0.00,0.20,-2.80
2023-08-15 18:29:10.053985,32.00 V,120.20 mA,0.00,0.20,-2.80
2023-08-15 18:29:16.097679,5.02 V,120.50 mA,0.00,0.20,-2.80
2023-08-15 18:29:22.142022,0.00 V,120.20 mA,0.00,0.20,-2.80
2023-08-15 18:29:28.185556,0.00 V,59.20 mA,0.00,0.20,-2.80
2023-08-15 18:29:35.228808,1.03 V,120.10 mA,0.00,0.20,-2.80
2023-08-15 18:29:41.272779,0.38 V,53.80 mA,0.00,0.20,-2.80
2023-08-15 18:29:47.291311,0.38 V,119.90 mA,0.00,0.20,-2.80
2023-08-15 18:29:53.291493,0.38 V,119.90 mA,0.00,0.20,-2.80
2023-08-15 18:30:02.290673,0.38 V,119.90 mA,0.00,0.20,-2.80
2023-08-15 18:30:09.288828,0.38 V,119.90 mA,0.00,0.20,-2.80
2023-08-15 18:30:18.287197,0.38 V,119.90 mA,0.00,0.20,-2.80
2023-08-15 18:30:24.287266,0.38 V,119.90 mA,0.00,0.20,-2.80
2023-08-15 18:30:33.285192,0.38 V,119.90 mA,0.00,0.20,-2.80
2023-08-15 18:30:40.283715,0.38 V,119.90 mA,0.00,0.20,-2.80
2023-08-15 18:30:46.284159,0.38 V,119.90 mA,0.00,0.20,-2.80
2023-08-15 18:30:52.310077,1.00 V,61.10 mA,0.00,0.20,-2.80
2023-08-15 18:31:52.438925,1.19 V,61.00 mA,0.00,0.20,-2.80
2023-08-15 18:31:58.482828,0.00 V,60.60 mA,0.00,0.20,-2.80
2023-08-15 18:32:04.527157,13.61 V,55.90 mA,0.00,0.20,-2.80
2023-08-15 18:32:10.571591,1.08 V,61.10 mA,0.00,0.20,-2.80
2023-08-15 18:32:16.616245,0.00 V,60.50 mA,0.00,0.20,-2.80
2023-08-15 18:32:23.659306,1.21 V,33.80 mA,0.00,0.20,-2.80
2023-08-15 18:32:29.703108,1.12 V,61.20 mA,0.00,0.20,-2.80
2023-08-15 18:32:35.746462,0.00 V,60.80 mA,0.00,0.20,-2.80
2023-08-15 18:32:41.790618,0.38 V,50.60 mA,0.00,0.20,-2.80
2023-08-15 18:33:48.264564,0.34 V,56.50 mA,0.00,0.20,-2.80
2023-08-15 18:33:54.308999,1.13 V,60.90 mA,0.00,0.20,-2.80
2023-08-15 18:34:00.353881,0.00 V,60.80 mA,0.00,0.20,-2.80
2023-08-15 18:34:06.398301,0.00 V,25.00 mA,0.00,0.20,-2.80
2023-08-15 18:34:12.442452,0.95 V,61.40 mA,0.00,0.20,-2.80
2023-08-15 18:34:19.486820,9.78 V,25.50 mA,0.00,0.20,-2.80
2023-08-15 18:34:25.531480,0.96 V,61.50 mA,0.00,0.20,-2.80
2023-08-15 18:34:31.575925,0.00 V,25.30 mA,0.00,0.20,-2.80
2023-08-15 18:34:37.620802,32.00 V,60.50 mA,0.00,0.20,-2.80
2023-08-15 18:34:43.664966,0.00 V,60.70 mA,0.00,0.20,-2.80
2023-08-15 18:34:50.682488,0.00 V,57.40 mA,0.50,0.20,618.65
2023-08-15 18:34:59.681526,0.00 V,57.40 mA,0.50,0.20,618.65
2023-08-15 18:35:08.680469,0.00 V,57.40 mA,0.50,0.20,618.65
2023-08-15 18:35:14.683255,13.79 V,57.40 mA,0.50,0.20,618.65
2023-08-15 18:35:21.726802,1.13 V,61.30 mA,0.50,0.20,618.65
2023-08-15 18:35:27.771006,0.61 V,60.90 mA,0.50,0.20,618.65
2023-08-15 18:35:33.814907,0.00 V,60.70 mA,0.50,0.20,618.65
2023-08-15 18:35:39.859549,0.00 V,29.90 mA,0.50,0.20,618.65
2023-08-15 18:35:45.903714,32.00 V,60.70 mA,0.50,0.20,618.65
2023-08-15 18:35:52.947344,0.00 V,60.80 mA,0.50,0.20,618.65
2023-08-15 18:35:58.991411,0.00 V,23.40 mA,0.50,0.20,618.65
2023-08-15 18:36:05.035995,5.21 V,61.10 mA,0.50,0.20,618.65
2023-08-15 18:36:11.080008,0.00 V,60.40 mA,0.50,0.20,618.65
2023-08-15 18:36:17.123706,0.00 V,29.60 mA,0.50,0.20,618.65
2023-08-15 18:36:24.167469,5.00 V,60.80 mA,0.50,0.20,618.65
2023-08-15 18:36:30.211860,0.00 V,61.00 mA,0.50,0.20,618.65
2023-08-15 18:36:36.256546,0.00 V,23.20 mA,0.50,0.20,618.65
2023-08-15 18:38:25.018639,32.00 V,60.80 mA,0.50,0.20,618.65
2023-08-15 18:38:31.061326,32.00 V,61.60 mA,0.50,0.20,618.65
2023-08-15 18:38:37.104199,16.33 V,61.30 mA,0.50,0.20,618.65
2023-08-15 18:38:43.147420,9.51 V,62.70 mA,0.50,0.20,618.65
2023-08-15 18:38:49.191456,1.14 V,61.30 mA,0.50,0.20,618.65
2023-08-15 18:38:56.234009,1.08 V,60.70 mA,0.00,0.20,-2.80
2023-08-15 18:39:02.277509,0.96 V,60.50 mA,0.00,0.20,-2.80
2023-08-15 18:39:08.321140,0.00 V,60.40 mA,0.00,0.20,-2.80
2023-08-15 18:39:14.365017,0.00 V,57.00 mA,0.00,0.20,-2.80
2023-08-15 18:39:20.407982,0.00 V,30.10 mA,0.00,0.20,-2.80
2023-08-15 18:39:27.450317,1.11 V,60.70 mA,0.50,0.20,618.65
2023-08-15 18:39:33.493147,0.00 V,60.80 mA,0.50,0.20,618.65
2023-08-15 18:39:39.536496,32.00 V,55.00 mA,0.50,0.20,618.65
2023-08-15 18:39:45.580145,0.64 V,61.10 mA,0.50,0.20,618.65
2023-08-15 18:39:51.623483,0.64 V,29.60 mA,0.50,0.20,618.65
2023-08-15 18:39:58.665284,0.00 V,60.60 mA,0.50,0.20,618.65
2023-08-15 18:40:04.708906,1.12 V,60.80 mA,0.50,0.20,618.65
2023-08-15 18:40:10.752975,0.00 V,44.70 mA,0.50,0.20,618.65
2023-08-15 18:40:16.770805,0.00 V,53.30 mA,0.50,0.20,618.65
2023-08-15 18:40:22.813499,1.07 V,60.90 mA,0.50,0.20,618.65
2023-08-15 18:40:29.856589,23.48 V,25.40 mA,0.00,0.20,-2.80
2023-08-15 18:40:35.897148,1.10 V,60.80 mA,0.00,0.20,-2.80
2023-08-15 18:40:41.940419,1.14 V,60.70 mA,0.00,0.20,-2.80
2023-08-15 18:40:47.983948,0.00 V,47.20 mA,0.00,0.20,-2.80
2023-08-15 18:40:54.027839,32.00 V,120.10 mA,0.00,0.20,-2.80
2023-08-15 18:41:01.071310,1.08 V,120.20 mA,0.00,0.20,-2.80
2023-08-15 18:41:07.114841,1.10 V,120.00 mA,0.00,0.20,-2.80
2023-08-15 18:41:13.158454,4.64 V,119.90 mA,0.00,0.20,-2.80
2023-08-15 18:41:19.202793,25.36 V,120.70 mA,0.00,0.20,-2.80
2023-08-15 18:41:25.247096,0.00 V,120.00 mA,0.00,0.20,-2.80
2023-08-15 18:41:32.290871,0.56 V,50.70 mA,0.00,0.20,-2.80
2023-08-15 18:41:38.335359,32.00 V,120.20 mA,0.00,0.20,-2.80
2023-08-15 18:41:44.379489,0.60 V,60.40 mA,0.00,0.20,-2.80
2023-08-15 18:41:50.424052,0.00 V,53.10 mA,0.00,0.20,-2.80
2023-08-15 18:41:56.468220,0.00 V,23.30 mA,0.00,0.20,-2.80
2023-08-15 18:42:03.512152,0.00 V,25.00 mA,0.00,0.20,-2.80
2023-08-15 18:42:09.556538,0.00 V,52.30 mA,0.00,0.20,-2.80
2023-08-15 18:42:15.600839,0.00 V,47.20 mA,0.00,0.20,-2.80
2023-08-15 18:42:21.645242,0.00 V,38.60 mA,0.00,0.20,-2.80
2023-08-15 18:42:27.689491,0.00 V,26.70 mA,0.00,0.20,-2.80
2023-08-15 18:42:34.732294,0.00 V,30.40 mA,0.00,0.20,-2.80
2023-08-15 18:42:40.771779,0.00 V,26.20 mA,0.00,0.20,-2.80
2023-08-15 18:42:49.770663,0.00 V,26.20 mA,0.00,0.20,-2.80
2023-08-15 18:42:58.769515,0.00 V,26.20 mA,0.00,0.20,-2.80
2023-08-15 18:43:05.768063,0.00 V,26.20 mA,0.50,0.20,618.65
2023-08-15 18:43:14.766732,0.00 V,26.20 mA,0.50,0.20,618.65
2023-08-15 18:43:20.766840,0.00 V,26.20 mA,0.50,0.20,618.65
2023-08-15 18:43:29.764574,0.00 V,26.20 mA,0.50,0.20,618.65
2023-08-15 18:43:36.762225,0.00 V,26.20 mA,0.50,0.20,618.65
2023-08-15 18:43:45.760396,0.00 V,26.20 mA,0.50,0.20,618.65
2023-08-15 18:43:54.758001,0.00 V,26.20 mA,0.50,0.20,618.65
2023-08-15 18:44:03.755577,0.00 V,26.20 mA,0.50,0.20,618.65
2023-08-15 18:44:10.753497,0.00 V,26.20 mA,0.00,0.20,-2.80
2023-08-15 18:44:19.751627,0.00 V,26.20 mA,0.00,0.20,-2.80
2023-08-15 18:44:28.749820,0.00 V,26.20 mA,0.00,0.20,-2.80
2023-08-15 18:44:37.748213,0.00 V,26.20 mA,0.00,0.20,-2.80
2023-08-15 18:44:44.746452,0.00 V,26.20 mA,0.00,0.20,-2.80
2023-08-15 18:44:53.745220,0.00 V,26.20 mA,0.00,0.20,-2.80
2023-08-15 18:44:59.745262,0.00 V,26.20 mA,0.00,0.20,-2.80
2023-08-15 18:45:08.743413,0.00 V,26.20 mA,0.00,0.20,-2.80
2023-08-15 18:45:15.741237,0.00 V,26.20 mA,0.00,0.20,-2.80
2023-08-15 18:45:21.741585,0.00 V,26.20 mA,0.00,0.20,-2.80
2023-08-15 18:45:30.738491,0.00 V,26.20 mA,0.00,0.20,-2.80
2023-08-15 18:45:39.736431,0.00 V,26.20 mA,0.00,0.20,-2.80
2023-08-15 18:45:46.734323,0.00 V,26.20 mA,0.00,0.20,-2.80
2023-08-15 18:45:55.732542,0.00 V,26.20 mA,0.00,0.20,-2.80
2023-08-15 18:46:04.730882,0.00 V,26.20 mA,0.00,0.20,-2.80
2023-08-15 18:46:13.728890,0.00 V,26.20 mA,0.00,0.20,-2.80
2023-08-15 18:46:20.725921,0.00 V,26.20 mA,0.00,0.20,-2.80
2023-08-15 18:46:29.722821,0.00 V,26.20 mA,0.00,0.20,-2.80
2023-08-15 18:46:38.720459,0.00 V,26.20 mA,0.00,0.20,-2.80
2023-08-15 18:46:47.721392,0.00 V,26.20 mA,0.00,0.20,-2.80
2023-08-15 18:46:54.763526,0.00 V,25.70 mA,0.00,0.20,-2.80
2023-08-15 18:47:00.806232,0.00 V,23.40 mA,0.00,0.20,-2.80
2023-08-15 18:47:06.849389,0.00 V,24.10 mA,0.00,0.20,-2.80
2023-08-15 18:47:12.892643,0.97 V,60.80 mA,0.00,0.20,-2.80
2023-08-15 18:47:18.935906,0.97 V,60.80 mA,0.00,0.20,-2.80
2023-08-15 18:47:25.978386,0.00 V,60.70 mA,0.00,0.20,-2.80
2023-08-15 18:47:32.017613,0.00 V,32.00 mA,0.00,0.20,-2.80
2023-08-15 18:47:41.015071,0.00 V,32.00 mA,0.00,0.20,-2.80
2023-08-15 18:47:50.012418,0.00 V,32.00 mA,0.00,0.20,-2.80
2023-08-15 18:47:57.036148,3.32 V,33.50 mA,0.00,0.20,-2.80
2023-08-15 18:48:03.079767,1.20 V,61.10 mA,0.00,0.20,-2.80
2023-08-15 18:48:09.123491,0.00 V,60.40 mA,0.00,0.20,-2.80
2023-08-15 18:48:15.166792,0.00 V,42.90 mA,0.00,0.20,-2.80
2023-08-15 18:48:21.209636,0.24 V,52.80 mA,0.00,0.20,-2.80
2023-08-15 18:48:28.252927,32.00 V,60.50 mA,0.00,0.20,-2.80
2023-08-15 18:48:34.296581,1.14 V,61.00 mA,0.00,0.20,-2.80
2023-08-15 18:48:40.339971,1.02 V,60.50 mA,0.00,0.20,-2.80
2023-08-15 18:48:46.383184,1.03 V,60.70 mA,0.00,0.20,-2.80
2023-08-15 18:48:52.426287,1.09 V,60.90 mA,0.00,0.20,-2.80
2023-08-15 18:48:59.444006,1.09 V,60.80 mA,0.00,0.20,-2.80
2023-08-15 18:49:08.442606,1.09 V,60.80 mA,0.00,0.20,-2.80
2023-08-15 18:49:17.440920,1.09 V,60.80 mA,0.00,0.20,-2.80
2023-08-15 18:49:26.439295,1.09 V,60.80 mA,0.00,0.20,-2.80
2023-08-15 18:49:33.437377,1.09 V,60.80 mA,0.00,0.20,-2.80
2023-08-15 18:49:42.434676,1.09 V,60.80 mA,0.00,0.20,-2.80
2023-08-15 18:49:51.432888,1.09 V,60.80 mA,0.00,0.20,-2.80
2023-08-15 18:49:57.434648,1.08 V,60.80 mA,0.00,0.20,-2.80
2023-08-15 18:50:04.476739,32.00 V,61.60 mA,0.00,0.20,-2.80
2023-08-15 18:50:10.519632,0.00 V,60.80 mA,0.00,0.20,-2.80
2023-08-15 18:50:16.562335,0.00 V,23.30 mA,0.00,0.20,-2.80
2023-08-15 18:50:22.604954,32.00 V,60.80 mA,0.00,0.20,-2.80
2023-08-15 18:50:28.647587,0.00 V,53.20 mA,0.00,0.20,-2.80
2023-08-15 18:50:35.690235,0.00 V,61.10 mA,0.00,0.20,-2.80
2023-08-15 18:50:41.733883,1.12 V,60.60 mA,0.00,0.20,-2.80
2023-08-15 18:50:47.777029,11.59 V,61.40 mA,0.00,0.20,-2.80
2023-08-15 18:50:53.820178,0.00 V,55.40 mA,0.00,0.20,-2.80
2023-08-15 18:50:59.863680,1.09 V,55.30 mA,0.00,0.20,-2.80
2023-08-15 18:51:06.901841,32.00 V,61.70 mA,0.00,0.20,-2.80
2023-08-15 18:53:24.964097,0.00 V,23.40 mA,0.00,0.20,-2.80
2023-08-15 18:54:28.417503,0.00 V,60.80 mA,0.00,0.20,-2.80
2023-08-15 18:54:55.613510,0.00 V,54.10 mA,0.00,0.20,-2.80
2023-08-15 18:55:01.657707,32.00 V,60.50 mA,0.00,0.20,-2.80
2023-08-15 18:55:07.702295,0.00 V,54.20 mA,0.00,0.20,-2.80
2023-08-15 18:55:13.746013,17.49 V,60.80 mA,0.00,0.20,-2.80
2023-08-15 18:55:19.789482,0.00 V,61.00 mA,0.00,0.20,-2.80
2023-08-15 18:55:26.831922,0.00 V,23.40 mA,0.00,0.20,-2.80
2023-08-15 18:55:32.875704,19.25 V,60.90 mA,0.00,0.20,-2.80
2023-08-15 18:55:38.919522,0.00 V,54.20 mA,0.00,0.20,-2.80
2023-08-15 18:55:44.963507,29.81 V,60.70 mA,0.00,0.20,-2.80
2023-08-15 18:55:51.007212,0.00 V,60.80 mA,0.00,0.20,-2.80
2023-08-15 18:55:58.050592,1.10 V,52.90 mA,0.50,0.20,618.65
2023-08-15 18:56:04.093789,0.00 V,60.60 mA,0.50,0.20,618.65
2023-08-15 18:56:10.138136,1.11 V,57.00 mA,0.50,0.20,618.65
2023-08-15 18:56:16.181755,0.54 V,61.20 mA,0.50,0.20,618.65
2023-08-15 18:56:22.226479,0.09 V,23.50 mA,0.50,0.20,618.65
2023-08-15 18:56:29.269490,29.30 V,60.90 mA,0.50,0.20,618.65
2023-08-15 18:56:35.313615,0.00 V,53.80 mA,0.50,0.20,618.65
2023-08-15 18:56:41.358113,6.92 V,60.70 mA,0.50,0.20,618.65
2023-08-15 18:56:47.402880,1.12 V,26.60 mA,0.50,0.20,618.65
2023-08-15 18:56:53.447628,0.00 V,60.50 mA,0.50,0.20,618.65
2023-08-15 18:57:00.490724,0.00 V,61.20 mA,0.00,0.20,-2.80
2023-08-15 18:57:06.535101,32.00 V,60.20 mA,0.00,0.20,-2.80
2023-08-15 18:57:12.579946,0.00 V,109.00 mA,0.00,0.20,-2.80
2023-08-15 18:57:18.624871,5.61 V,119.90 mA,0.00,0.20,-2.80
2023-08-15 18:57:24.669671,1.05 V,51.20 mA,0.00,0.20,-2.80
2023-08-15 18:57:31.713239,0.00 V,120.50 mA,0.00,0.20,-2.80
2023-08-15 18:57:37.757356,1.08 V,113.40 mA,0.00,0.20,-2.80
2023-08-15 18:57:43.801614,0.00 V,120.70 mA,0.00,0.20,-2.80
2023-08-15 18:57:49.846351,1.11 V,82.80 mA,0.00,0.20,-2.80
2023-08-15 18:57:55.891082,0.00 V,120.30 mA,0.00,0.20,-2.80
2023-08-15 18:58:02.933588,1.14 V,120.40 mA,0.00,0.20,-2.80
2023-08-15 18:58:08.977961,0.00 V,60.70 mA,0.00,0.20,-2.80
2023-08-15 18:58:15.022044,32.00 V,60.60 mA,0.00,0.20,-2.80
2023-08-15 18:58:21.066114,0.00 V,57.00 mA,0.00,0.20,-2.80
2023-08-15 18:58:27.109910,24.64 V,60.50 mA,0.00,0.20,-2.80
2023-08-15 18:58:34.152712,0.00 V,28.30 mA,0.00,0.20,-2.80
2023-08-15 18:58:40.196633,32.00 V,60.70 mA,0.00,0.20,-2.80
2023-08-15 18:58:46.240573,0.00 V,60.70 mA,0.00,0.20,-2.80
2023-08-15 18:58:52.284498,0.00 V,32.40 mA,0.00,0.20,-2.80
2023-08-15 18:58:58.328863,1.09 V,60.80 mA,0.00,0.20,-2.80
2023-08-15 18:59:05.372694,1.10 V,60.60 mA,0.00,0.20,-2.80
2023-08-15 18:59:11.417301,7.48 V,60.70 mA,0.00,0.20,-2.80
2023-08-15 18:59:17.461223,1.36 V,61.20 mA,0.00,0.20,-2.80
2023-08-15 18:59:23.505277,31.92 V,61.30 mA,0.00,0.20,-2.80
2023-08-15 18:59:29.550035,1.15 V,61.00 mA,0.00,0.20,-2.80
2023-08-15 18:59:36.593663,0.97 V,60.80 mA,0.50,0.20,618.65
2023-08-15 18:59:42.637723,0.00 V,60.70 mA,0.50,0.20,618.65
2023-08-15 18:59:48.682106,0.00 V,51.90 mA,0.50,0.20,618.65
2023-08-15 18:59:54.726139,0.00 V,52.80 mA,0.50,0.20,618.65
2023-08-16 11:23:25.084611,0.91 V,60.50 mA,0.00,0.00,-2.80
2023-08-16 11:23:31.130564,0.82 V,60.60 mA,0.00,0.00,-2.80
2023-08-16 11:23:37.175518,0.71 V,60.40 mA,0.00,0.00,-2.80
2023-08-16 11:23:43.220670,0.93 V,60.50 mA,0.00,0.00,-2.80
2023-08-16 11:23:49.266029,0.74 V,60.60 mA,0.00,0.00,-2.80
2023-08-16 11:23:56.311321,0.88 V,60.50 mA,0.50,0.20,618.65
2023-08-16 11:24:02.356678,0.69 V,60.40 mA,0.50,0.20,618.65
2023-08-16 11:24:08.401799,0.76 V,119.60 mA,0.50,0.20,618.65
2023-08-16 11:24:14.445837,0.94 V,119.70 mA,0.50,0.20,618.65
2023-08-16 11:24:20.490910,0.68 V,119.40 mA,0.50,0.20,618.65
2023-08-16 11:24:27.534646,0.88 V,119.80 mA,0.50,0.20,618.65
2023-08-16 11:24:33.579131,0.85 V,119.80 mA,0.50,0.20,618.65
2023-08-16 11:24:39.623745,0.70 V,119.70 mA,0.50,0.20,618.65
2023-08-16 11:24:45.669400,0.89 V,119.70 mA,0.50,0.20,618.65
2023-08-16 11:24:51.713870,0.80 V,119.90 mA,0.50,0.20,618.65
2023-08-16 11:24:58.758163,1.12 V,119.70 mA,0.50,0.20,618.65
2023-08-16 11:25:04.802925,0.83 V,119.90 mA,0.50,0.20,618.65
2023-08-16 11:25:10.847799,0.74 V,120.10 mA,0.50,0.20,618.65
2023-08-16 11:25:16.892271,0.93 V,119.70 mA,0.50,0.20,618.65
2023-08-16 11:25:22.937466,0.71 V,119.40 mA,0.50,0.20,618.65
2023-08-16 11:25:29.981728,0.74 V,119.90 mA,0.50,0.20,618.65
2023-08-16 11:25:36.026966,0.94 V,119.70 mA,0.50,0.20,618.65
2023-08-16 11:25:42.072031,0.92 V,119.60 mA,0.50,0.20,618.65
2023-08-16 11:25:48.117621,0.82 V,119.90 mA,0.50,0.20,618.65
2023-08-16 11:25:54.162791,0.85 V,119.80 mA,0.50,0.20,618.65
2023-08-16 11:26:01.207831,0.88 V,119.80 mA,0.50,0.20,618.65
2023-08-16 11:26:07.253101,0.74 V,119.80 mA,0.50,0.20,618.65
2023-08-16 11:26:13.297943,0.92 V,120.10 mA,0.50,0.20,618.65
2023-08-16 11:26:19.342524,0.68 V,119.80 mA,0.50,0.20,618.65
2023-08-16 11:26:25.387336,0.88 V,119.80 mA,0.50,0.20,618.65
2023-08-16 11:26:32.431498,0.70 V,119.90 mA,0.50,0.20,618.65
2023-08-16 11:26:38.476288,0.94 V,119.90 mA,0.50,0.20,618.65
2023-08-16 11:26:44.521762,0.76 V,119.80 mA,0.50,0.20,618.65
2023-08-16 11:26:50.566544,0.73 V,119.80 mA,0.50,0.20,618.65
2023-08-16 11:26:56.611632,1.10 V,119.70 mA,0.50,0.20,618.65
2023-08-16 11:27:21.786733,0.68 V,119.80 mA,0.50,0.20,618.65
2023-08-16 11:27:27.831471,0.69 V,120.10 mA,0.50,0.20,618.65
2023-08-16 11:27:33.876509,0.67 V,119.70 mA,0.50,0.20,618.65
2023-08-16 11:27:39.921995,0.78 V,119.80 mA,0.50,0.20,618.65
2023-08-16 11:27:45.967020,0.86 V,119.90 mA,0.50,0.20,618.65
2023-08-16 11:28:55.473965,0.64 V,119.50 mA,0.50,0.20,618.65
2023-08-16 11:29:01.518967,0.68 V,119.80 mA,0.50,0.20,618.65
2023-08-16 11:29:07.564295,0.86 V,119.70 mA,0.50,0.20,618.65
2023-08-16 11:29:13.609803,0.89 V,119.90 mA,0.50,0.20,618.65
2023-08-16 11:29:19.655151,0.93 V,119.80 mA,0.50,0.20,618.65
2023-08-16 11:29:26.699852,0.76 V,119.80 mA,0.50,0.00,618.65
2023-08-16 11:29:32.745171,0.69 V,119.60 mA,0.50,0.00,618.65
2023-08-16 11:29:38.790908,0.69 V,119.90 mA,0.50,0.00,618.65
2023-08-16 11:29:44.836580,0.68 V,119.80 mA,0.50,0.00,618.65
2023-08-16 11:29:50.882048,0.68 V,119.80 mA,0.50,0.00,618.65
2023-08-16 11:29:57.926826,0.86 V,119.90 mA,0.50,0.00,618.65
2023-08-16 11:30:03.971674,0.89 V,119.80 mA,0.50,0.00,618.65
2023-08-16 11:30:10.017485,0.67 V,119.80 mA,0.50,0.00,618.65
2023-08-16 11:30:16.062283,0.73 V,119.90 mA,0.50,0.00,618.65
2023-08-16 11:30:22.106938,0.92 V,119.90 mA,0.50,0.00,618.65
2023-08-16 11:30:29.150925,0.71 V,120.00 mA,0.50,0.00,618.65
2023-08-16 11:30:35.195956,0.93 V,119.80 mA,0.50,0.00,618.65
2023-08-16 11:30:41.241120,0.94 V,119.70 mA,0.50,0.00,618.65
2023-08-16 11:30:47.286102,0.70 V,119.80 mA,0.50,0.00,618.65
2023-08-16 11:30:53.330353,0.89 V,120.10 mA,0.50,0.00,618.65
2023-08-16 11:31:00.374838,1.02 V,119.80 mA,0.50,0.00,618.65
2023-08-16 11:31:06.420473,0.69 V,119.90 mA,0.50,0.00,618.65
2023-08-16 11:31:12.465806,0.94 V,120.00 mA,0.50,0.00,618.65
2023-08-16 11:31:18.511844,0.72 V,119.80 mA,0.50,0.00,618.65
2023-08-16 11:31:24.557794,0.94 V,119.80 mA,0.50,0.00,618.65
2023-08-16 11:31:31.602525,1.06 V,119.60 mA,0.50,0.00,618.65
2023-08-16 11:31:37.647882,0.61 V,120.00 mA,0.50,0.00,618.65
2023-08-16 11:31:43.693488,0.73 V,119.80 mA,0.50,0.00,618.65
2023-08-16 11:31:49.738949,0.92 V,120.30 mA,0.50,0.00,618.65
2023-08-16 11:31:55.784017,0.76 V,119.80 mA,0.50,0.00,618.65
2023-08-16 11:32:02.828516,1.04 V,119.60 mA,0.50,0.50,618.65
2023-08-16 11:32:08.874167,0.85 V,119.70 mA,0.50,0.50,618.65
2023-08-16 11:32:14.919718,0.71 V,119.70 mA,0.50,0.50,618.65
2023-08-16 11:32:20.965190,0.93 V,119.80 mA,0.50,0.50,618.65
2023-08-16 11:32:27.010570,0.70 V,119.70 mA,0.50,0.50,618.65
2023-08-16 11:32:34.055745,0.92 V,120.20 mA,0.50,0.50,618.65
2023-08-16 11:32:40.101814,0.68 V,120.20 mA,0.50,0.50,618.65
2023-08-16 11:32:46.146839,0.89 V,119.80 mA,0.50,0.50,618.65
2023-08-16 11:32:52.191653,0.63 V,120.10 mA,0.50,0.50,618.65
2023-08-16 11:32:58.236204,0.73 V,119.70 mA,0.50,0.50,618.65
2023-08-16 11:33:05.280602,0.95 V,120.00 mA,0.50,0.50,618.65
2023-08-16 11:33:11.325253,0.70 V,119.80 mA,0.50,0.50,618.65
2023-08-16 11:33:17.370146,1.11 V,119.80 mA,0.50,0.50,618.65
2023-08-16 11:33:23.415984,0.78 V,119.90 mA,0.50,0.50,618.65
2023-08-16 11:33:29.461237,0.73 V,119.50 mA,0.50,0.50,618.65
2023-08-16 11:33:36.505067,0.88 V,119.60 mA,0.50,0.50,618.65
2023-08-16 11:33:42.550043,0.70 V,120.20 mA,0.50,0.50,618.65
2023-08-16 11:33:48.595628,0.90 V,119.80 mA,0.50,0.50,618.65
2023-08-16 11:33:54.640683,0.82 V,119.90 mA,0.50,0.50,618.65
2023-08-16 11:34:00.685897,0.68 V,119.90 mA,0.50,0.50,618.65
2023-08-16 11:34:07.730109,0.93 V,119.70 mA,0.50,0.50,618.65
2023-08-16 11:34:13.775415,0.74 V,119.90 mA,0.50,0.50,618.65
2023-08-16 11:34:28.887459,0.85 V,120.10 mA,0.50,0.50,618.65
2023-08-16 11:34:34.931814,0.68 V,119.90 mA,0.50,0.50,618.65
2023-08-16 11:34:40.977228,0.91 V,119.70 mA,0.50,0.50,618.65
2023-08-16 11:34:47.022460,0.93 V,120.10 mA,0.50,0.50,618.65
2023-08-16 11:34:53.067820,0.65 V,119.80 mA,0.50,0.50,618.65
2023-08-16 11:35:00.112536,0.75 V,119.80 mA,0.00,0.00,-2.80
2023-08-16 11:35:06.157871,0.91 V,119.60 mA,0.00,0.00,-2.80
2023-08-16 11:35:12.203396,0.64 V,119.70 mA,0.00,0.00,-2.80
2023-08-16 11:35:18.248905,0.71 V,119.70 mA,0.00,0.00,-2.80
2023-08-16 11:35:24.294253,0.90 V,60.50 mA,0.00,0.00,-2.80
2023-08-16 11:35:31.339042,0.66 V,60.50 mA,0.00,0.00,-2.80
2023-08-16 11:35:37.384047,0.88 V,60.60 mA,0.00,0.00,-2.80
2023-08-16 11:35:43.428809,0.71 V,60.70 mA,0.00,0.00,-2.80
2023-08-16 11:35:49.473400,0.91 V,60.60 mA,0.00,0.00,-2.80
2023-08-16 11:35:55.518281,0.95 V,60.50 mA,0.00,0.00,-2.80
2023-08-16 11:36:02.562828,0.70 V,60.40 mA,0.00,0.00,-2.80
2023-08-16 11:36:08.608116,1.08 V,60.30 mA,0.00,0.00,-2.80
2023-08-16 11:36:14.653760,0.89 V,60.60 mA,0.00,0.00,-2.80
2023-08-16 11:36:20.699421,0.93 V,60.50 mA,0.00,0.00,-2.80
2023-08-16 11:36:26.744308,0.77 V,60.70 mA,0.00,0.00,-2.80
2023-08-16 11:36:33.789526,0.71 V,60.70 mA,0.50,0.00,618.65
2023-08-16 11:36:39.835358,0.67 V,60.30 mA,0.50,0.00,618.65
2023-08-16 11:36:45.880187,0.69 V,60.40 mA,0.50,0.00,618.65
2023-08-16 11:36:51.925071,0.69 V,60.90 mA,0.50,0.00,618.65
2023-08-16 11:36:57.970448,0.70 V,60.80 mA,0.50,0.00,618.65
2023-08-16 11:37:05.014434,0.72 V,60.40 mA,0.50,0.00,618.65
2023-08-16 11:37:11.060164,0.71 V,60.50 mA,0.50,0.00,618.65
2023-08-16 11:37:17.105444,0.73 V,60.70 mA,0.50,0.00,618.65
2023-08-16 11:37:23.151300,0.77 V,60.70 mA,0.50,0.00,618.65
2023-08-16 11:37:29.196671,0.96 V,60.40 mA,0.50,0.00,618.65
2023-08-16 11:37:36.240517,1.12 V,60.70 mA,0.50,0.50,618.65
2023-08-16 11:37:42.285203,0.88 V,60.30 mA,0.50,0.50,618.65
2023-08-16 11:37:48.329335,0.92 V,60.40 mA,0.50,0.50,618.65
2023-08-16 11:37:54.373590,0.91 V,60.50 mA,0.50,0.50,618.65
2023-08-16 11:38:00.418010,0.91 V,60.40 mA,0.50,0.50,618.65
2023-08-16 11:38:07.461536,0.91 V,60.50 mA,0.50,0.50,618.65
2023-08-16 11:38:13.506043,0.90 V,60.40 mA,0.50,0.50,618.65
2023-08-16 11:38:19.550032,1.11 V,60.40 mA,0.50,0.50,618.65
2023-08-16 11:38:34.659475,0.68 V,60.70 mA,0.50,0.50,618.65
2023-08-16 11:38:40.703784,0.66 V,60.50 mA,0.50,0.50,618.65
2023-08-16 11:38:46.747614,0.59 V,60.60 mA,0.50,0.50,618.65
2023-08-16 11:38:52.792370,0.73 V,60.70 mA,0.50,0.50,618.65
2023-08-16 11:38:58.837159,0.94 V,60.80 mA,0.50,0.50,618.65
2023-08-16 11:39:05.881971,0.93 V,60.60 mA,0.00,0.00,-2.80
2023-08-16 11:39:11.927242,0.89 V,60.30 mA,0.00,0.00,-2.80
2023-08-16 11:39:17.972494,0.64 V,60.80 mA,0.00,0.00,-2.80
2023-08-16 11:39:24.018117,0.91 V,60.60 mA,0.00,0.00,-2.80
2023-08-16 11:39:30.063457,1.10 V,60.70 mA,0.00,0.00,-2.80
2023-08-16 11:39:37.108755,0.86 V,60.50 mA,0.50,0.00,618.65
2023-08-16 11:39:43.154377,0.67 V,60.80 mA,0.50,0.00,618.65
2023-08-16 11:39:49.199641,0.57 V,60.60 mA,0.50,0.00,618.65
2023-08-16 11:39:55.244058,0.95 V,60.50 mA,0.50,0.00,618.65
2023-08-16 11:40:01.289252,0.72 V,60.70 mA,0.50,0.00,618.65
2023-08-16 11:40:14.377465,1.00 V,60.50 mA,0.50,0.00,618.65
2023-08-16 11:40:20.422376,0.68 V,60.50 mA,0.50,0.00,618.65
2023-08-16 11:40:26.467604,0.91 V,60.50 mA,0.50,0.00,618.65
2023-08-16 11:40:32.512366,0.68 V,60.50 mA,0.50,0.00,618.65
2023-08-16 11:40:38.557312,0.95 V,60.40 mA,0.50,0.00,618.65
2023-08-16 11:40:45.602107,0.73 V,60.60 mA,0.00,0.00,-2.80
2023-08-16 11:40:51.647357,0.95 V,119.70 mA,0.00,0.00,-2.80
2023-08-16 11:40:57.692085,0.69 V,120.10 mA,0.00,0.00,-2.80
2023-08-16 11:41:03.736264,0.94 V,119.70 mA,0.00,0.00,-2.80
2023-08-16 11:41:09.781137,0.89 V,119.80 mA,0.00,0.00,-2.80
2023-08-16 11:41:16.825404,0.64 V,119.90 mA,0.50,0.00,618.65
2023-08-16 11:41:22.869735,1.08 V,120.00 mA,0.50,0.00,618.65
2023-08-16 11:41:28.914356,0.56 V,120.10 mA,0.50,0.00,618.65
2023-08-16 11:41:34.958758,0.90 V,119.90 mA,0.50,0.00,618.65
2023-08-16 11:41:41.003886,0.68 V,120.10 mA,0.50,0.00,618.65
2023-08-16 11:41:48.048174,0.94 V,120.00 mA,0.50,0.00,618.65
2023-08-16 11:41:54.093502,0.73 V,119.70 mA,0.50,0.00,618.65
2023-08-16 11:42:00.139397,0.71 V,119.80 mA,0.50,0.00,618.65
2023-08-16 11:42:06.185205,1.10 V,120.10 mA,0.50,0.00,618.65
2023-08-16 11:42:12.230175,0.88 V,119.90 mA,0.50,0.00,618.65
2023-08-16 11:42:19.274105,0.68 V,119.80 mA,0.00,0.00,-2.80
2023-08-16 11:42:25.318873,0.90 V,119.80 mA,0.00,0.00,-2.80
2023-08-16 11:42:31.364307,0.74 V,120.10 mA,0.00,0.00,-2.80
2023-08-16 11:42:37.410560,1.11 V,119.80 mA,0.00,0.00,-2.80
2023-08-16 11:42:43.456260,0.63 V,119.90 mA,0.00,0.00,-2.80
2023-08-16 11:42:50.501187,1.00 V,119.80 mA,0.00,0.00,-2.80
2023-08-16 11:42:56.546970,0.87 V,60.70 mA,0.00,0.00,-2.80
2023-08-16 11:43:02.592408,0.78 V,60.50 mA,0.00,0.00,-2.80
2023-08-16 11:43:08.638048,0.94 V,60.60 mA,0.00,0.00,-2.80
2023-08-16 11:43:14.683451,0.85 V,60.50 mA,0.00,0.00,-2.80
2023-08-16 11:43:21.728156,0.79 V,60.40 mA,0.00,0.00,-2.80
2023-08-16 11:43:27.773430,1.04 V,60.40 mA,0.00,0.00,-2.80
2023-08-16 11:43:33.818193,0.80 V,60.50 mA,0.00,0.00,-2.80
2023-08-16 11:43:39.863415,0.86 V,60.80 mA,0.00,0.00,-2.80
2023-08-16 11:43:45.908571,0.76 V,60.50 mA,0.00,0.00,-2.80
2023-08-16 11:43:52.954224,0.73 V,60.40 mA,0.00,0.00,-2.80
2023-08-16 11:43:59.000417,0.95 V,60.50 mA,0.00,0.00,-2.80
2023-08-16 11:44:05.046683,0.69 V,60.50 mA,0.00,0.00,-2.80
2023-08-16 11:44:11.092388,0.88 V,60.70 mA,0.00,0.00,-2.80
2023-08-16 11:44:17.137946,0.76 V,60.50 mA,0.00,0.00,-2.80
2023-08-16 11:44:24.183176,1.10 V,60.60 mA,0.50,0.00,618.65
2023-08-16 11:44:30.228844,0.76 V,60.50 mA,0.50,0.00,618.65
2023-08-16 11:44:36.274083,0.80 V,60.30 mA,0.50,0.00,618.65
2023-08-16 11:44:42.319172,0.94 V,60.40 mA,0.50,0.00,618.65
2023-08-16 11:44:48.364247,0.70 V,60.40 mA,0.50,0.00,618.65
2023-08-16 11:44:55.409034,0.94 V,60.40 mA,0.50,0.00,618.65
2023-08-16 11:45:01.454284,0.68 V,60.40 mA,0.50,0.00,618.65
2023-08-16 11:45:07.499628,0.93 V,119.90 mA,0.50,0.00,618.65
2023-08-16 11:45:13.544503,1.09 V,119.80 mA,0.50,0.00,618.65
2023-08-16 11:45:19.590037,0.74 V,119.80 mA,0.50,0.00,618.65
2023-08-16 11:45:26.635075,0.78 V,119.70 mA,0.00,0.50,-2.80
2023-08-16 11:45:32.681101,0.94 V,119.90 mA,0.00,0.50,-2.80
2023-08-16 11:45:38.726840,0.92 V,119.80 mA,0.00,0.50,-2.80
2023-08-16 11:45:44.771603,0.91 V,119.90 mA,0.00,0.50,-2.80
2023-08-16 11:45:50.816736,0.91 V,119.80 mA,0.00,0.50,-2.80
2023-08-16 11:45:57.862218,0.92 V,119.90 mA,0.00,0.50,-2.80
2023-08-16 11:46:03.907361,0.90 V,119.80 mA,0.00,0.50,-2.80
2023-08-16 11:46:09.953241,0.92 V,119.90 mA,0.00,0.50,-2.80
2023-08-16 11:46:15.998806,0.94 V,120.00 mA,0.00,0.50,-2.80
2023-08-16 11:46:22.044193,0.95 V,119.60 mA,0.00,0.50,-2.80
2023-08-16 11:46:29.089735,0.95 V,120.10 mA,0.00,0.50,-2.80
2023-08-16 11:46:35.135306,0.93 V,119.60 mA,0.00,0.50,-2.80
2023-08-16 11:46:41.181462,0.83 V,120.20 mA,0.00,0.50,-2.80
2023-08-16 11:46:47.227215,0.79 V,120.10 mA,0.00,0.50,-2.80
2023-08-16 11:46:53.272489,0.79 V,119.70 mA,0.00,0.50,-2.80
2023-08-16 11:47:00.316987,0.79 V,120.10 mA,0.00,0.50,-2.80
2023-08-16 11:47:06.362929,0.69 V,119.80 mA,0.00,0.50,-2.80
2023-08-16 11:47:12.408175,0.73 V,119.70 mA,0.00,0.50,-2.80
2023-08-16 11:47:18.453232,1.12 V,119.90 mA,0.00,0.50,-2.80
2023-08-16 11:47:24.498771,0.92 V,119.70 mA,0.00,0.50,-2.80
2023-08-16 11:47:31.543320,0.93 V,119.80 mA,0.00,0.50,-2.80
2023-08-16 11:47:37.588707,0.85 V,120.00 mA,0.00,0.50,-2.80
2023-08-16 11:47:43.634659,0.79 V,119.90 mA,0.00,0.50,-2.80
2023-08-16 11:47:49.680426,0.81 V,119.70 mA,0.00,0.50,-2.80
2023-08-16 11:47:55.726246,0.78 V,119.90 mA,0.00,0.50,-2.80
2023-08-16 11:48:02.770825,0.68 V,119.60 mA,0.00,0.50,-2.80
2023-08-16 11:48:08.816155,1.04 V,119.90 mA,0.00,0.50,-2.80
2023-08-16 11:50:09.699362,0.81 V,120.20 mA,0.00,0.50,-2.80
2023-08-16 11:50:15.745225,0.96 V,119.90 mA,0.00,0.50,-2.80
2023-08-16 11:50:21.791553,0.94 V,120.00 mA,0.00,0.50,-2.80
2023-08-16 11:50:27.837076,0.69 V,120.00 mA,0.00,0.50,-2.80
2023-08-16 11:50:33.882874,0.88 V,119.80 mA,0.00,0.50,-2.80
2023-08-16 11:50:40.927380,0.61 V,119.90 mA,0.00,0.00,-2.80
2023-08-16 11:50:46.972826,0.69 V,120.20 mA,0.00,0.00,-2.80
2023-08-16 11:50:53.017921,0.84 V,119.90 mA,0.00,0.00,-2.80
2023-08-16 11:50:59.062718,0.96 V,120.10 mA,0.00,0.00,-2.80
2023-08-16 11:51:05.107747,0.89 V,119.90 mA,0.00,0.00,-2.80
2023-08-16 11:51:12.152484,0.92 V,119.90 mA,0.00,0.00,-2.80
2023-08-16 11:51:18.197815,0.93 V,120.00 mA,0.00,0.00,-2.80
2023-08-16 11:51:24.242946,0.89 V,60.70 mA,0.00,0.00,-2.80
2023-08-16 11:51:30.288332,1.01 V,60.50 mA,0.00,0.00,-2.80
2023-08-16 11:51:36.333917,0.69 V,60.40 mA,0.00,0.00,-2.80
2023-08-16 11:51:43.379775,0.64 V,60.60 mA,0.00,0.00,-2.80
2023-08-16 11:51:49.426141,0.88 V,60.30 mA,0.00,0.00,-2.80
2023-08-16 11:51:55.472779,0.68 V,60.60 mA,0.00,0.00,-2.80
2023-08-16 11:52:01.518668,0.75 V,60.60 mA,0.00,0.00,-2.80
2023-08-16 11:52:07.564530,0.90 V,60.70 mA,0.00,0.00,-2.80
2023-08-16 11:52:14.609291,0.70 V,60.40 mA,0.00,0.00,-2.80
2023-08-16 11:52:20.654839,0.94 V,60.60 mA,0.00,0.00,-2.80
2023-08-16 11:52:26.700685,0.75 V,60.70 mA,0.00,0.00,-2.80
2023-08-16 11:52:32.746282,0.69 V,60.60 mA,0.00,0.00,-2.80
2023-08-16 11:52:38.792399,1.10 V,60.70 mA,0.00,0.00,-2.80
2023-08-16 11:52:45.838655,0.56 V,60.50 mA,0.50,0.00,618.65
2023-08-16 11:52:51.884607,0.90 V,60.50 mA,0.50,0.00,618.65
2023-08-16 11:52:57.930279,0.66 V,60.60 mA,0.50,0.00,618.65
2023-08-16 11:53:03.976222,0.99 V,60.70 mA,0.50,0.00,618.65
2023-08-16 11:53:10.022743,0.74 V,60.40 mA,0.50,0.00,618.65
2023-08-16 11:53:17.068576,0.98 V,60.50 mA,0.50,0.00,618.65
2023-08-16 11:53:23.115268,0.68 V,60.70 mA,0.50,0.00,618.65
2023-08-16 11:53:29.162117,0.94 V,119.80 mA,0.50,0.00,618.65
2023-08-16 11:53:35.208806,0.92 V,120.10 mA,0.50,0.00,618.65
2023-08-16 11:53:41.254636,0.84 V,119.90 mA,0.50,0.00,618.65
2023-08-16 11:53:48.299548,0.79 V,120.20 mA,0.00,0.00,-2.80
2023-08-16 11:53:54.345836,0.76 V,120.10 mA,0.00,0.00,-2.80
2023-08-16 11:54:00.392342,0.93 V,119.90 mA,0.00,0.00,-2.80
2023-08-16 11:54:06.439337,0.88 V,60.50 mA,0.00,0.00,-2.80
2023-08-16 11:54:12.485829,0.86 V,60.50 mA,0.00,0.00,-2.80
2023-08-16 11:54:19.533089,0.72 V,60.60 mA,0.00,0.00,-2.80
2023-08-16 11:54:25.580444,0.94 V,60.80 mA,0.00,0.00,-2.80
2023-08-16 11:54:31.627049,0.72 V,60.60 mA,0.00,0.00,-2.80
2023-08-16 11:54:37.673391,0.95 V,60.80 mA,0.00,0.00,-2.80
2023-08-16 11:54:43.720378,0.68 V,60.70 mA,0.00,0.00,-2.80
2023-08-16 11:54:50.765728,0.91 V,60.70 mA,0.00,0.00,-2.80
2023-08-16 11:54:56.812377,0.69 V,60.40 mA,0.00,0.00,-2.80
2023-08-16 11:55:02.858460,0.83 V,60.40 mA,0.00,0.00,-2.80
2023-08-16 11:55:08.905024,0.88 V,60.50 mA,0.00,0.00,-2.80
2023-08-16 11:55:14.951596,0.70 V,60.70 mA,0.00,0.00,-2.80
2023-08-16 11:55:21.996794,0.77 V,60.70 mA,0.50,0.00,618.65
2023-08-16 11:55:28.042948,0.88 V,60.70 mA,0.50,0.00,618.65
2023-08-16 11:55:34.088837,0.95 V,60.70 mA,0.50,0.00,618.65
2023-08-16 11:55:40.135334,0.91 V,60.60 mA,0.50,0.00,618.65
2023-08-16 11:55:46.181180,1.09 V,60.40 mA,0.50,0.00,618.65
2023-08-16 11:55:53.226701,0.70 V,60.60 mA,0.50,0.00,618.65
2023-08-16 11:55:59.272890,0.62 V,60.80 mA,0.50,0.00,618.65
2023-08-16 11:56:05.319401,0.89 V,60.50 mA,0.50,0.00,618.65
2023-08-16 11:56:11.366572,0.66 V,60.50 mA,0.50,0.00,618.65
2023-08-16 11:56:17.413231,1.15 V,60.60 mA,0.50,0.00,618.65
2023-08-16 11:56:24.459525,0.92 V,60.40 mA,0.00,0.00,-2.80
2023-08-16 11:56:30.505535,0.70 V,60.50 mA,0.00,0.00,-2.80
2023-08-16 11:56:36.552722,0.91 V,60.90 mA,0.00,0.00,-2.80
2023-08-16 11:56:42.599379,0.77 V,60.60 mA,0.00,0.00,-2.80
2023-08-16 11:56:48.646404,0.71 V,60.70 mA,0.00,0.00,-2.80
2023-08-16 11:56:55.692979,0.71 V,60.80 mA,0.00,0.00,-2.80
2023-08-16 11:57:01.740101,1.11 V,60.90 mA,0.00,0.00,-2.80
2023-08-16 11:57:07.786410,0.77 V,60.70 mA,0.00,0.00,-2.80
2023-08-16 11:57:13.833713,0.85 V,60.80 mA,0.00,0.00,-2.80
2023-08-16 11:57:19.879926,0.94 V,60.60 mA,0.00,0.00,-2.80
2023-08-16 11:57:26.925171,0.70 V,60.40 mA,0.00,0.00,-2.80
2023-08-16 11:57:32.971361,0.88 V,60.70 mA,0.00,0.00,-2.80
2023-08-16 11:57:39.017996,0.57 V,60.60 mA,0.00,0.00,-2.80
2023-08-16 11:57:45.064927,0.96 V,60.60 mA,0.00,0.00,-2.80
2023-08-16 11:57:51.111955,0.87 V,60.80 mA,0.00,0.00,-2.80
2023-08-16 11:57:58.159063,0.73 V,60.80 mA,0.00,0.00,-2.80
2023-08-16 11:58:04.205605,0.79 V,60.70 mA,0.00,0.00,-2.80
2023-08-16 11:58:10.252074,0.90 V,60.60 mA,0.00,0.00,-2.80
2023-08-16 11:58:16.299375,0.72 V,60.40 mA,0.00,0.00,-2.80
2023-08-16 11:58:22.346912,0.92 V,60.90 mA,0.00,0.00,-2.80
2023-08-16 11:58:29.392955,0.97 V,60.40 mA,0.00,0.00,-2.80
2023-08-16 11:58:35.439891,0.64 V,60.60 mA,0.00,0.00,-2.80
2023-08-16 11:58:41.485904,1.09 V,60.60 mA,0.00,0.00,-2.80
2023-08-16 11:58:47.532054,0.69 V,60.90 mA,0.00,0.00,-2.80
2023-08-16 11:58:53.577995,0.72 V,60.40 mA,0.00,0.00,-2.80
2023-08-16 11:59:00.624245,0.90 V,60.50 mA,0.00,0.00,-2.80
2023-08-16 11:59:06.670978,0.78 V,60.70 mA,0.00,0.00,-2.80
2023-08-16 11:59:12.717486,0.68 V,60.60 mA,0.00,0.00,-2.80
2023-08-16 11:59:18.764199,1.10 V,60.40 mA,0.00,0.00,-2.80
2023-08-16 11:59:24.811327,0.96 V,60.80 mA,0.00,0.00,-2.80
2023-08-16 11:59:31.856799,0.57 V,60.40 mA,0.00,0.00,-2.80
2023-08-16 11:59:37.903205,0.70 V,60.40 mA,0.00,0.00,-2.80
2023-08-16 11:59:43.949748,0.89 V,60.70 mA,0.00,0.00,-2.80
2023-08-16 11:59:49.996221,0.71 V,60.70 mA,0.00,0.00,-2.80
2023-08-16 11:59:56.042240,0.70 V,60.60 mA,0.00,0.00,-2.80
2023-08-16 12:00:03.087778,0.94 V,60.60 mA,0.00,0.00,-2.80
2023-08-16 12:00:15.179125,0.94 V,60.50 mA,0.00,0.00,-2.80
2023-08-16 12:00:21.225192,0.71 V,60.60 mA,0.00,0.00,-2.80
2023-08-16 12:00:27.271714,1.10 V,60.40 mA,0.00,0.00,-2.80
2023-08-16 12:00:33.318089,0.56 V,60.70 mA,0.00,0.00,-2.80
2023-08-16 12:00:39.364024,1.09 V,60.60 mA,0.00,0.00,-2.80
2023-08-16 12:00:46.410316,0.88 V,60.80 mA,0.00,0.00,-2.80
2023-08-16 12:00:52.455952,0.81 V,60.60 mA,0.00,0.00,-2.80
2023-08-16 12:00:58.501638,0.86 V,60.50 mA,0.00,0.00,-2.80
2023-08-16 12:01:04.547704,1.10 V,60.30 mA,0.00,0.00,-2.80
2023-08-16 12:01:10.593735,0.56 V,60.30 mA,0.00,0.00,-2.80
2023-08-16 12:01:17.640050,1.05 V,60.50 mA,0.50,0.00,618.65
2023-08-16 12:01:29.732820,0.92 V,60.60 mA,0.50,0.00,618.65
2023-08-16 12:01:35.779234,0.76 V,60.50 mA,0.50,0.00,618.65
2023-08-16 12:01:41.825393,0.62 V,60.60 mA,0.50,0.00,618.65
2023-08-16 12:01:47.871623,1.04 V,60.50 mA,0.50,0.00,618.65
2023-08-16 12:01:53.917013,0.96 V,60.80 mA,0.50,0.00,618.65
2023-08-16 12:02:00.962092,0.57 V,60.80 mA,0.00,0.00,-2.80
2023-08-16 12:02:07.006913,0.71 V,60.40 mA,0.00,0.00,-2.80
2023-08-16 12:02:13.052232,0.91 V,60.50 mA,0.00,0.00,-2.80
2023-08-16 12:02:19.097938,0.93 V,60.40 mA,0.00,0.00,-2.80
2023-08-16 12:02:25.143584,0.56 V,60.80 mA,0.00,0.00,-2.80
2023-08-16 12:02:32.189325,0.71 V,60.40 mA,0.50,0.00,618.65
2023-08-16 12:02:38.235130,0.71 V,60.50 mA,0.50,0.00,618.65
2023-08-16 12:02:44.280933,1.12 V,60.40 mA,0.50,0.00,618.65
2023-08-16 12:02:50.326338,0.94 V,60.70 mA,0.50,0.00,618.65
2023-08-16 12:02:56.371885,0.58 V,60.60 mA,0.50,0.00,618.65
2023-08-16 12:03:03.417072,0.73 V,60.50 mA,0.50,0.00,618.65
2023-08-16 15:02:17.795504,0.00 V,61.20 mA,0.00,-2.80,-2.80
2023-08-16 15:02:23.841757,0.00 V,60.90 mA,0.00,-2.80,-2.80
2023-08-16 15:02:29.888084,0.00 V,61.10 mA,0.00,-2.80,-2.80
2023-08-16 15:02:35.934623,0.00 V,60.90 mA,0.00,-2.80,-2.80
2023-08-16 15:02:41.982070,0.00 V,61.00 mA,0.00,-2.80,-2.80
2023-08-16 15:02:49.029097,0.00 V,61.30 mA,0.00,0.00,-2.80
2023-08-16 15:02:55.076450,0.00 V,61.30 mA,0.00,-2.80,-2.80
2023-08-16 15:03:01.123622,0.00 V,120.30 mA,0.00,-2.80,-2.80
2023-08-16 15:03:07.170936,0.00 V,120.20 mA,0.00,-2.80,-2.80
2023-08-16 15:03:13.218143,1.08 V,119.30 mA,0.00,-2.80,-2.80
2023-08-16 15:04:03.567379,0.00 V,120.40 mA,0.00,-2.80,-2.80
2023-08-16 15:04:09.614550,0.00 V,119.90 mA,0.00,-2.80,-2.80
2023-08-16 15:04:15.662239,1.10 V,120.30 mA,0.00,-2.80,-2.80
2023-08-16 15:04:21.709740,32.00 V,46.10 mA,0.00,-2.80,-2.80
2023-08-16 15:04:27.756543,0.00 V,120.30 mA,0.00,-2.80,-2.80
2023-08-16 15:04:34.802513,0.15 V,121.00 mA,0.00,0.00,-2.80
2023-08-16 15:04:40.849528,13.68 V,99.50 mA,0.00,-2.80,-2.80
2023-08-16 15:04:46.897291,0.96 V,74.80 mA,0.00,-2.80,-2.80
2023-08-16 15:04:52.944849,0.00 V,120.40 mA,0.00,-2.80,-2.80
2023-08-16 15:05:05.039888,3.49 V,48.50 mA,0.00,-2.80,-2.80
2023-08-16 15:05:11.087792,0.00 V,120.30 mA,0.00,-2.80,-2.80
2023-08-16 15:05:17.135275,0.00 V,120.70 mA,0.00,-2.80,-2.80
2023-08-16 15:05:42.969538,1.10 V,120.20 mA,0.00,-2.80,-2.80
2023-08-16 15:05:49.017030,32.00 V,46.50 mA,0.00,-2.80,-2.80
2023-08-16 15:05:55.064717,11.38 V,58.00 mA,0.00,-2.80,-2.80
2023-08-16 15:06:01.112371,0.00 V,120.00 mA,0.00,-2.80,-2.80
2023-08-16 15:06:07.159391,0.00 V,120.70 mA,0.00,-2.80,-2.80
2023-08-16 15:06:14.206369,0.00 V,121.00 mA,0.00,0.00,-2.80
2023-08-16 15:06:20.253594,0.00 V,120.40 mA,0.00,-2.80,-2.80
2023-08-16 15:06:26.300590,0.00 V,121.10 mA,0.00,-2.80,-2.80
2023-08-16 15:06:32.348606,0.00 V,121.80 mA,0.00,-2.80,-2.80
2023-08-16 15:06:38.395694,0.00 V,121.00 mA,0.00,-2.80,-2.80
2023-08-16 15:06:45.441840,0.00 V,60.80 mA,0.00,0.00,-2.80
2023-08-16 15:06:51.488915,0.00 V,60.60 mA,0.00,-2.80,-2.80
2023-08-16 15:06:57.535655,1.15 V,60.70 mA,0.00,-2.80,-2.80
2023-08-16 15:07:03.582681,32.00 V,49.50 mA,0.00,-2.80,-2.80
2023-08-16 15:07:09.629259,1.08 V,55.30 mA,0.00,-2.80,-2.80
2023-08-16 15:07:16.676892,1.03 V,58.40 mA,0.00,0.00,-2.80
2023-08-16 15:07:22.724131,0.00 V,60.60 mA,0.00,-2.80,-2.80
2023-08-16 15:07:28.771216,0.00 V,61.10 mA,0.00,-2.80,-2.80
2023-08-16 15:07:34.818655,0.00 V,61.00 mA,0.00,-2.80,-2.80
2023-08-16 15:07:40.866046,0.42 V,60.90 mA,0.00,-2.80,-2.80
2023-08-16 15:07:47.913350,0.06 V,60.70 mA,1.40,0.00,1737.26
2023-08-16 15:07:53.960441,32.00 V,60.70 mA,1.40,1737.26,1737.26
2023-08-16 15:08:00.007935,1.14 V,28.90 mA,1.40,1737.26,1737.26
2023-08-16 15:08:06.055246,1.06 V,54.30 mA,1.40,1737.26,1737.26
2023-08-16 15:08:12.102290,0.00 V,60.60 mA,1.40,1737.26,1737.26
2023-08-16 15:08:19.148199,0.00 V,60.90 mA,1.40,0.00,1737.26
2023-08-16 15:08:25.195069,32.00 V,60.80 mA,1.40,1737.26,1737.26
2023-08-16 15:08:31.242146,0.98 V,34.70 mA,1.40,1737.26,1737.26
2023-08-16 15:08:37.288570,0.00 V,61.20 mA,1.40,1737.26,1737.26
2023-08-16 15:08:43.335685,0.24 V,60.80 mA,1.40,1737.26,1737.26
2023-08-16 15:08:50.382574,32.00 V,60.90 mA,0.00,0.00,-2.80
2023-08-16 15:08:56.430231,0.99 V,25.90 mA,0.00,-2.80,-2.80
2023-08-16 15:09:02.477912,0.00 V,61.10 mA,0.00,-2.80,-2.80
2023-08-16 15:09:08.525939,32.00 V,60.80 mA,0.00,-2.80,-2.80
2023-08-16 15:09:14.573389,0.00 V,50.50 mA,0.00,-2.80,-2.80
2023-08-16 15:09:21.621234,32.00 V,60.80 mA,0.00,0.00,-2.80
2023-08-16 15:09:27.669263,0.00 V,59.60 mA,0.00,-2.80,-2.80
2023-08-16 15:09:33.716676,1.12 V,120.30 mA,0.00,-2.80,-2.80
2023-08-16 15:09:39.763840,0.48 V,120.60 mA,0.00,-2.80,-2.80
2023-08-16 15:09:45.811777,0.99 V,51.50 mA,0.00,-2.80,-2.80
2023-08-16 15:09:52.858701,22.02 V,120.20 mA,0.00,0.00,-2.80
2023-08-16 15:09:58.905821,0.00 V,103.30 mA,0.00,-2.80,-2.80
2023-08-16 15:10:04.953343,0.00 V,57.90 mA,0.00,-2.80,-2.80
2023-08-16 15:10:11.000177,6.80 V,120.20 mA,0.00,-2.80,-2.80
2023-08-16 15:10:17.046800,0.64 V,120.50 mA,0.00,-2.80,-2.80
2023-08-16 15:10:24.093924,1.07 V,45.90 mA,0.00,0.00,-2.80
2023-08-16 15:10:30.141527,0.00 V,121.20 mA,0.00,-2.80,-2.80
2023-08-16 15:10:36.188547,1.13 V,29.90 mA,0.00,-2.80,-2.80
2023-08-16 15:10:42.235489,0.00 V,59.20 mA,0.00,-2.80,-2.80
2023-08-16 15:10:48.282147,32.00 V,60.50 mA,0.00,-2.80,-2.80
2023-08-16 15:10:55.328950,0.00 V,60.70 mA,0.00,0.00,-2.80
2023-08-16 15:11:01.375537,0.00 V,23.50 mA,0.00,-2.80,-2.80
2023-08-16 15:11:07.422044,0.00 V,28.00 mA,0.00,-2.80,-2.80
2023-08-16 15:11:13.468595,0.00 V,58.50 mA,0.00,-2.80,-2.80
2023-08-16 15:11:19.515119,0.98 V,60.70 mA,0.00,-2.80,-2.80
2023-08-16 15:11:26.561297,0.96 V,60.60 mA,0.00,0.00,-2.80
2023-08-16 15:11:32.607785,7.84 V,60.80 mA,0.00,-2.80,-2.80
2023-08-16 15:11:38.654444,32.00 V,61.40 mA,0.00,-2.80,-2.80
2023-08-16 15:11:44.701030,0.00 V,60.50 mA,0.00,-2.80,-2.80
2023-08-16 15:11:50.747665,0.00 V,23.40 mA,0.00,-2.80,-2.80
2023-08-16 15:11:57.794212,0.98 V,60.90 mA,1.40,0.00,1737.26
2023-08-16 15:14:43.763356,0.00 V,49.90 mA,0.00,0.00,0.00
2023-08-16 15:14:49.809239,1.09 V,57.80 mA,0.00,0.00,0.00
2023-08-16 15:14:55.855000,7.96 V,61.10 mA,0.00,0.00,0.00
2023-08-16 15:15:01.901493,0.00 V,109.60 mA,0.00,0.00,0.00
2023-08-16 15:15:07.948632,1.07 V,120.20 mA,0.00,0.00,0.00
2023-08-16 15:15:14.994793,32.00 V,120.60 mA,0.00,0.00,0.00
2023-08-16 15:15:21.041316,0.00 V,102.60 mA,0.00,0.00,0.00
2023-08-16 15:15:27.088030,1.14 V,120.10 mA,0.00,0.00,0.00
2023-08-16 15:15:33.134473,2.92 V,120.70 mA,0.00,0.00,0.00
2023-08-16 15:15:39.180743,0.00 V,110.90 mA,0.00,0.00,0.00
2023-08-16 15:15:46.226788,0.00 V,46.20 mA,0.00,0.00,0.00
2023-08-16 15:15:52.273707,1.16 V,60.70 mA,0.00,0.00,0.00
2023-08-16 15:15:58.320132,32.00 V,61.50 mA,0.00,0.00,0.00
2023-08-16 15:16:04.366947,17.29 V,61.10 mA,0.00,0.00,0.00
2023-08-16 15:16:10.413143,13.07 V,60.70 mA,0.00,0.00,0.00
2023-08-16 15:16:17.458732,32.00 V,60.80 mA,0.00,0.00,0.00
2023-08-16 15:16:23.505600,30.38 V,61.40 mA,0.00,0.00,0.00
2023-08-16 15:16:29.552014,2.70 V,60.70 mA,0.00,0.00,0.00
2023-08-16 15:16:35.599122,0.00 V,60.80 mA,0.00,0.00,0.00
2023-08-16 15:16:41.645797,0.00 V,23.20 mA,0.00,0.00,0.00
2023-08-16 15:16:48.691964,1.06 V,61.00 mA,1.40,0.00,0.00
2023-08-16 15:16:54.738331,32.00 V,60.90 mA,1.40,0.00,0.00
2023-08-16 15:17:00.785393,0.00 V,60.80 mA,1.40,0.00,0.00
2023-08-16 15:17:06.832143,0.00 V,26.90 mA,1.40,0.00,0.00
2023-08-16 15:17:12.878442,1.11 V,60.80 mA,1.40,0.00,0.00
2023-08-16 15:17:19.925073,1.28 V,61.30 mA,1.40,0.00,0.00
2023-08-16 15:17:25.971969,0.00 V,23.50 mA,1.40,0.00,0.00
2023-08-16 15:17:32.019268,1.12 V,60.70 mA,1.40,0.00,0.00
2023-08-16 15:27:47.301602,32.00 V,60.70 mA,0.00,0.00,0.00
2023-08-16 15:27:53.348904,0.02 V,52.20 mA,0.00,0.00,0.00
2023-08-16 15:27:59.396121,0.00 V,61.10 mA,0.00,0.00,0.00
2023-08-16 15:28:05.442474,1.13 V,49.30 mA,0.00,0.00,0.00
2023-08-16 15:28:11.489603,0.00 V,60.70 mA,0.00,0.00,0.00
2023-08-16 15:28:18.536025,1.12 V,58.30 mA,0.00,0.00,0.00
2023-08-16 15:28:24.583782,0.00 V,60.90 mA,0.00,0.00,0.00
2023-08-16 15:28:30.631441,32.00 V,60.90 mA,0.00,0.00,0.00
2023-08-16 15:28:36.678570,0.00 V,60.80 mA,0.00,0.00,0.00
2023-08-16 15:28:42.726007,0.98 V,28.10 mA,0.00,0.00,0.00
2023-08-16 15:28:49.773034,32.00 V,61.50 mA,1.40,0.00,5.61
2023-08-16 15:28:55.820558,0.00 V,60.90 mA,1.40,0.00,5.61
2023-08-16 15:29:01.868487,0.00 V,29.60 mA,1.40,0.00,5.61
2023-08-16 15:29:07.916592,1.17 V,60.70 mA,1.40,0.00,5.61
2023-08-16 15:29:13.964429,4.94 V,61.10 mA,1.40,0.00,5.61
2023-08-16 15:29:21.011307,0.00 V,49.40 mA,1.40,0.00,5.61
2023-08-16 15:29:27.058348,32.00 V,60.80 mA,1.40,0.00,5.61
2023-08-16 15:29:33.104976,0.00 V,50.60 mA,1.40,0.00,5.61
2023-08-16 15:29:39.151594,0.00 V,61.30 mA,1.40,0.00,5.61
2023-08-16 15:29:45.198235,32.00 V,57.60 mA,1.40,0.00,5.61
2023-08-16 15:29:52.244203,0.00 V,56.20 mA,1.40,0.00,5.61
2023-08-16 15:29:58.291155,1.97 V,60.80 mA,1.40,0.00,5.61
2023-08-16 15:30:04.338881,1.11 V,26.30 mA,1.40,0.00,5.61
2023-08-16 15:30:10.385557,0.00 V,60.80 mA,1.40,0.00,5.61
2023-08-16 15:30:16.432451,32.00 V,60.70 mA,1.40,0.00,5.61
2023-08-16 15:30:23.478583,0.00 V,56.30 mA,1.40,0.00,5.61
2023-08-16 15:30:29.525986,32.00 V,60.70 mA,1.40,0.00,5.61
2023-08-16 15:30:35.572692,0.00 V,60.50 mA,1.40,0.00,5.61
2023-08-16 15:30:41.619406,1.15 V,60.30 mA,1.40,0.00,5.61
2023-08-16 15:30:47.666309,0.00 V,61.00 mA,1.40,0.00,5.61
2023-08-16 15:30:54.712809,32.00 V,60.50 mA,1.40,0.00,5.61
2023-08-16 15:31:00.759888,0.00 V,52.50 mA,1.40,0.00,5.61
2023-08-16 15:31:06.807007,32.00 V,60.90 mA,1.40,0.00,5.61
2023-08-16 15:31:12.853650,0.00 V,57.30 mA,1.40,0.00,5.61
2023-08-16 15:31:18.900391,12.31 V,60.80 mA,1.40,0.00,5.61
2023-08-16 15:31:25.946564,0.00 V,60.70 mA,1.40,0.00,5.61
2023-08-16 15:31:31.994044,1.17 V,60.80 mA,1.40,0.00,5.61
2023-08-16 15:31:38.040616,0.00 V,60.80 mA,1.40,0.00,5.61
2023-08-16 15:31:44.086875,32.00 V,60.80 mA,1.40,0.00,5.61
2023-08-16 15:31:50.133272,0.00 V,50.50 mA,1.40,0.00,5.61
2023-08-16 15:31:57.179468,18.74 V,60.70 mA,1.40,0.00,5.61
2023-08-16 15:32:03.226383,0.83 V,23.10 mA,1.40,0.00,5.61
2023-08-16 15:32:09.272504,32.00 V,60.90 mA,1.40,0.00,5.61
2023-08-16 15:32:15.318642,0.00 V,60.80 mA,1.40,0.00,5.61
2023-08-16 15:32:21.365782,0.00 V,23.30 mA,1.40,0.00,5.61
2023-08-16 15:32:28.410990,0.00 V,46.60 mA,1.40,0.00,5.61
2023-08-16 15:32:34.456867,1.10 V,60.80 mA,1.40,0.00,5.61
2023-08-16 15:32:40.503452,1.19 V,60.90 mA,1.40,0.00,5.61
2023-08-16 15:32:46.549153,29.94 V,61.30 mA,1.40,0.00,5.61
2023-08-16 15:33:16.939349,0.98 V,44.80 mA,0.00,0.00,0.00
2023-08-16 15:33:22.985930,2.68 V,60.70 mA,0.00,0.00,0.00
2023-08-16 15:33:29.031721,32.00 V,61.10 mA,0.00,0.00,0.00
2023-08-16 15:33:35.077873,0.39 V,60.90 mA,0.00,0.00,0.00
2023-08-16 15:33:41.124006,0.00 V,50.20 mA,0.00,0.00,0.00
2023-08-16 15:33:48.170752,0.00 V,25.50 mA,0.00,0.00,0.00
2023-08-16 15:33:54.216925,0.97 V,60.80 mA,0.00,0.00,0.00
2023-08-16 15:34:00.263166,1.14 V,60.90 mA,0.00,0.00,0.00
2023-08-16 15:34:06.309183,1.12 V,60.50 mA,0.00,0.00,0.00
2023-08-16 15:34:12.354824,1.12 V,60.70 mA,0.00,0.00,0.00
2023-08-16 15:34:19.400796,1.09 V,60.80 mA,1.40,0.00,5.61
2023-08-16 15:34:25.447174,1.07 V,60.90 mA,1.40,0.00,5.61
2023-08-16 15:34:31.493620,1.00 V,60.60 mA,1.40,0.00,5.61
2023-08-16 15:34:37.540031,0.00 V,60.80 mA,1.40,0.00,5.61
2023-08-16 15:34:43.586441,0.00 V,54.80 mA,1.40,0.00,5.61
2023-08-16 15:34:50.632675,0.00 V,26.30 mA,1.40,0.00,5.61
2023-08-16 15:34:56.679446,21.32 V,56.30 mA,1.40,0.00,5.61
2023-08-16 15:35:02.726767,32.00 V,61.20 mA,1.40,0.00,5.61
2023-08-16 15:35:08.773850,1.15 V,61.30 mA,1.40,0.00,5.61
2023-08-16 15:35:14.820809,1.09 V,60.70 mA,1.40,0.00,5.61
2023-08-16 15:35:21.866760,0.00 V,60.80 mA,1.40,0.00,5.61
2023-08-16 15:35:27.912903,0.00 V,48.40 mA,1.40,0.00,5.61
2023-08-16 15:35:33.959400,0.00 V,30.70 mA,1.40,0.00,5.61
2023-08-16 15:35:40.005736,0.02 V,47.80 mA,1.40,0.00,5.61
2023-08-16 15:36:46.967994,1.06 V,61.00 mA,0.00,0.00,0.00
2023-08-16 15:36:53.013887,0.00 V,60.30 mA,0.00,0.00,0.00
2023-08-16 15:36:59.059767,0.00 V,32.60 mA,0.00,0.00,0.00
2023-08-16 15:37:05.105211,5.65 V,53.70 mA,0.00,0.00,0.00
2023-08-16 15:37:11.150448,32.00 V,61.20 mA,0.00,0.00,0.00
2023-08-16 15:37:18.195027,1.09 V,61.20 mA,0.00,0.00,0.00
2023-08-16 15:37:24.239967,0.98 V,60.80 mA,0.00,0.00,0.00
2023-08-16 15:37:30.285299,0.00 V,60.80 mA,0.00,0.00,0.00
2023-08-16 15:37:36.330606,0.00 V,46.10 mA,0.00,0.00,0.00
2023-08-16 15:37:42.376124,0.00 V,26.90 mA,0.00,0.00,0.00
2023-08-16 15:37:49.420815,0.00 V,24.50 mA,1.40,0.00,5.61
2023-08-16 15:37:55.466490,0.00 V,23.30 mA,1.40,0.00,5.61
2023-08-16 15:38:01.512062,0.00 V,25.40 mA,1.40,0.00,5.61
2023-08-16 15:38:07.557479,0.00 V,25.60 mA,1.40,0.00,5.61
2023-08-16 15:38:13.603109,0.00 V,29.50 mA,1.40,0.00,5.61
2023-08-16 15:38:20.648195,0.00 V,26.30 mA,1.40,0.00,5.61
2023-08-16 15:38:26.693936,0.00 V,23.40 mA,1.40,0.00,5.61
2023-08-16 15:38:32.739834,0.00 V,50.50 mA,1.40,0.00,5.61
2023-08-16 15:38:38.786283,9.47 V,60.90 mA,1.40,0.00,5.61
2023-08-16 15:38:44.832691,32.00 V,60.90 mA,1.40,0.00,5.61
2023-08-16 15:38:51.878194,0.98 V,61.60 mA,1.40,0.00,5.61
2023-08-16 15:38:57.923867,0.00 V,60.70 mA,1.40,0.00,5.61
2023-08-16 15:39:03.969997,0.00 V,40.60 mA,1.40,0.00,5.61
2023-08-16 15:39:10.016436,14.24 V,60.60 mA,1.40,0.00,5.61
2023-08-16 15:39:16.061929,25.02 V,61.60 mA,1.40,0.00,5.61
2023-08-16 15:39:46.599997,0.03 V,31.40 mA,0.00,0.00,0.00
2023-08-16 15:39:52.646012,32.00 V,60.70 mA,0.00,0.00,0.00
2023-08-16 15:39:58.692462,1.09 V,60.90 mA,0.00,0.00,0.00
2023-08-16 15:40:04.738295,0.00 V,60.80 mA,0.00,0.00,0.00
2023-08-16 15:40:10.783791,1.99 V,55.90 mA,0.00,0.00,0.00
2023-08-16 15:40:17.828929,0.08 V,61.50 mA,0.00,0.00,0.00
2023-08-16 15:40:23.874652,0.00 V,32.50 mA,0.00,0.00,0.00
2023-08-16 15:40:29.921554,28.91 V,60.80 mA,0.00,0.00,0.00
2023-08-16 15:40:35.968381,32.00 V,61.10 mA,0.00,0.00,0.00
2023-08-16 15:40:42.014437,1.09 V,61.00 mA,0.00,0.00,0.00
2023-08-16 15:40:49.060476,0.00 V,60.40 mA,1.40,0.00,1737.70
2023-08-16 15:40:55.107327,0.00 V,61.00 mA,1.40,0.00,1737.70
2023-08-16 15:41:01.154553,0.00 V,51.20 mA,1.40,0.00,1737.70
2023-08-16 15:41:07.201158,0.00 V,46.90 mA,1.40,0.00,1737.70
2023-08-16 15:41:13.247985,0.00 V,26.50 mA,1.40,0.00,1737.70
2023-08-16 15:41:20.294840,0.44 V,57.20 mA,1.40,0.00,1737.70
2023-08-16 15:41:26.341645,32.00 V,60.80 mA,1.40,0.00,1737.70
2023-08-16 15:41:32.388574,1.12 V,61.50 mA,1.40,0.00,1737.70
2023-08-16 15:41:38.436295,0.00 V,60.90 mA,1.40,0.00,1737.70
2023-08-16 15:41:44.483553,0.00 V,25.40 mA,1.40,0.00,1737.70
2023-08-16 15:41:51.530225,32.00 V,49.20 mA,1.40,0.00,1737.70
2023-08-16 15:41:57.578113,6.60 V,61.70 mA,1.40,0.00,1737.70
2023-08-16 15:42:03.625288,1.03 V,60.90 mA,1.40,0.00,1737.70
2023-08-16 15:42:09.672577,0.00 V,60.90 mA,1.40,0.00,1737.70
2023-08-16 15:42:15.719568,0.00 V,23.40 mA,1.40,0.00,1737.70
2023-08-16 15:42:22.765865,0.97 V,61.10 mA,1.40,0.00,1737.70
2023-08-16 15:42:28.812820,0.00 V,26.20 mA,1.40,0.00,1737.70
2023-08-16 15:42:34.860544,6.30 V,59.80 mA,1.40,0.00,1737.70
2023-08-16 15:42:40.908073,32.00 V,60.90 mA,1.40,0.00,1737.70
2023-08-16 15:42:46.956043,15.07 V,61.20 mA,1.40,0.00,1737.70
2023-08-16 15:42:54.003238,0.32 V,61.00 mA,1.40,0.00,1737.70
2023-08-16 15:43:00.051390,0.00 V,45.20 mA,1.40,0.00,1737.70
2023-08-16 15:43:06.099768,0.00 V,25.20 mA,1.40,0.00,1737.70
2023-08-16 15:43:12.147345,0.82 V,54.70 mA,1.40,0.00,1737.70
2023-08-16 15:43:18.195004,1.12 V,61.10 mA,1.40,0.00,1737.70
2023-08-16 15:43:25.243162,0.00 V,61.00 mA,1.40,0.00,1737.70
2023-08-16 15:43:31.290397,32.00 V,57.30 mA,1.40,0.00,1737.70
2023-08-16 15:43:37.337612,0.36 V,61.00 mA,1.40,0.00,1737.70
2023-08-16 15:43:43.384885,0.05 V,29.40 mA,1.40,0.00,1737.70
2023-08-16 15:43:49.432271,24.10 V,61.00 mA,1.40,0.00,1737.70
2023-08-16 15:43:56.479246,0.00 V,60.90 mA,1.40,0.00,1737.70
2023-08-16 15:44:02.527546,0.00 V,24.90 mA,1.40,0.00,1737.70
2023-08-16 15:44:08.575522,0.89 V,106.80 mA,1.40,0.00,1737.70
2023-08-16 15:44:14.622977,1.16 V,120.50 mA,1.40,0.00,1737.70
2023-08-16 15:44:20.670422,0.00 V,119.90 mA,1.40,0.00,1737.70
2023-08-16 15:44:27.716938,32.00 V,104.90 mA,1.40,0.00,1737.70
2023-08-16 15:44:33.764807,0.00 V,120.10 mA,1.40,0.00,1737.70
2023-08-16 15:44:39.812396,0.00 V,25.90 mA,1.40,0.00,1737.70
2023-08-16 15:44:45.859662,32.00 V,120.40 mA,1.40,0.00,1737.70
2023-08-16 15:44:51.906856,0.00 V,120.20 mA,1.40,0.00,1737.70
2023-08-16 15:44:58.953629,29.35 V,46.60 mA,1.40,0.00,1737.70
2023-08-16 15:45:05.001045,1.00 V,61.10 mA,1.40,0.00,1737.70
2023-08-16 15:45:11.047898,0.00 V,45.80 mA,1.40,0.00,1737.70
2023-08-16 15:45:17.094341,32.00 V,60.80 mA,1.40,0.00,1737.70
2023-08-16 15:45:23.141059,0.00 V,60.80 mA,1.40,0.00,1737.70
2023-08-16 15:45:30.186963,9.78 V,29.50 mA,1.40,0.00,1737.70
2023-08-16 15:45:36.233304,1.14 V,61.70 mA,1.40,0.00,1737.70
2023-08-16 15:45:42.280088,0.00 V,60.80 mA,1.40,0.00,1737.70
2023-08-16 15:45:48.327504,0.00 V,60.80 mA,1.40,0.00,1737.70
2023-08-16 15:45:54.374568,0.00 V,23.30 mA,1.40,0.00,1737.70
2023-08-16 15:46:01.420898,32.00 V,60.90 mA,1.40,0.00,1737.70
2023-08-16 15:46:07.468337,1.16 V,61.00 mA,1.40,0.00,1737.70
2023-08-16 15:46:13.515986,1.12 V,60.80 mA,1.40,0.00,1737.70
2023-08-16 15:46:19.563222,1.12 V,60.60 mA,1.40,0.00,1737.70
2023-08-16 15:46:25.610671,1.00 V,60.90 mA,1.40,0.00,1737.70
2023-08-16 15:46:32.657260,0.00 V,60.70 mA,1.40,0.00,1737.70
2023-08-16 15:46:38.705091,0.00 V,44.00 mA,1.40,0.00,1737.70
2023-08-16 15:46:44.752193,24.75 V,61.10 mA,1.40,0.00,1737.70
2023-08-16 15:46:50.798869,32.00 V,61.40 mA,1.40,0.00,1737.70
2023-08-16 15:46:56.846465,1.20 V,61.30 mA,1.40,0.00,1737.70
2023-08-16 15:47:03.893000,0.42 V,60.90 mA,1.40,0.00,1737.70
2023-08-16 15:47:09.940720,0.00 V,60.80 mA,1.40,0.00,1737.70
2023-08-16 15:47:15.988510,0.00 V,34.60 mA,1.40,0.00,1737.70
2023-08-16 15:47:22.036048,0.00 V,31.20 mA,1.40,0.00,1737.70
2023-08-16 15:47:28.083046,0.00 V,30.10 mA,1.40,0.00,1737.70
2023-08-16 15:47:35.129772,0.00 V,24.50 mA,1.40,0.00,1737.70
2023-08-16 15:47:41.177318,0.00 V,35.60 mA,1.40,0.00,1737.70
2023-08-16 15:47:47.224162,0.00 V,23.50 mA,1.40,0.00,1737.70
2023-08-16 15:47:53.271575,0.00 V,34.20 mA,1.40,0.00,1737.70
2023-08-16 15:47:59.318585,0.20 V,60.80 mA,1.40,0.00,1737.70
2023-08-16 15:48:06.365250,0.00 V,60.90 mA,1.40,0.00,1737.70
2023-08-16 15:48:12.412097,0.00 V,51.80 mA,1.40,0.00,1737.70
2023-08-16 15:48:18.459453,0.00 V,54.60 mA,1.40,0.00,1737.70
2023-08-16 15:48:24.506507,0.00 V,52.40 mA,1.40,0.00,1737.70
2023-08-16 15:48:30.553891,0.76 V,60.60 mA,1.40,0.00,1737.70
2023-08-16 15:48:37.601443,0.00 V,60.80 mA,1.40,0.00,1737.70
2023-08-16 15:48:43.648492,0.00 V,59.10 mA,1.40,0.00,1737.70
2023-08-16 15:48:49.695241,0.00 V,37.80 mA,1.40,0.00,1737.70
2023-08-16 15:48:55.742089,0.00 V,42.00 mA,1.40,0.00,1737.70
2023-08-16 15:49:01.788976,0.00 V,28.40 mA,1.40,0.00,1737.70
