0,2023-09-12 14:57:47.475351,0,False
0,2023-09-12 14:58:18.692641,1.6,False
0,2023-09-12 14:58:49.909106,1.6,False
0,2023-09-12 14:59:21.127594,1.6,False
0,2023-09-12 14:59:52.345162,1.6,False
0,2023-09-12 15:00:23.561850,0,False
0,2023-09-12 15:01:12.913657,0,False
0,2023-09-12 15:01:44.132535,1.6,False
0,2023-09-12 15:02:15.353388,1.6,False
0,2023-09-12 15:02:46.574369,1.6,False
0,2023-09-12 15:03:17.793437,1.6,False
0,2023-09-12 15:03:49.011618,0,False
0,2023-09-12 15:04:20.228031,0,False
0,2023-09-12 15:04:51.448006,0,False
0,2023-09-12 15:05:22.665088,0,False
0,2023-09-12 15:05:53.882967,0,False
0,2023-09-12 15:06:25.102821,0,False
0,2023-09-12 15:06:56.317079,0,False
0,2023-09-12 15:07:27.534016,0,False
0,2023-09-12 15:08:22.924804,0,False
0,2023-09-12 15:08:54.140124,1.6,False
0,2023-09-12 15:09:25.354415,1.6,False
0,2023-09-12 15:09:56.570411,1.6,False
0,2023-09-12 15:10:27.784682,1.6,False
0,2023-09-12 15:10:58.999364,0,False
0,2023-09-12 15:11:30.212921,0,False
0,2023-09-12 15:12:01.428685,0,False
0,2023-09-12 15:12:32.639463,0,False
0,2023-09-12 15:13:03.851797,0,False
0,2023-09-12 15:13:35.068034,0,False
0,2023-09-12 15:14:06.282662,0,False
0,2023-09-12 15:14:37.499648,0,False
0,2023-09-12 15:15:41.951175,0,False
0,2023-09-12 15:16:13.168155,1.6,False
0,2023-09-12 15:16:44.389380,1.6,False
0,2023-09-12 15:17:15.609822,1.6,False
0,2023-09-12 15:17:46.830790,1.6,False
0,2023-09-12 15:18:18.050940,0,False
0,2023-09-12 15:19:10.422921,0,False
0,2023-09-12 15:19:41.641233,1.6,False
0,2023-09-12 15:20:12.860625,1.6,False
0,2023-09-12 15:20:44.080071,1.6,False
0,2023-09-12 15:21:15.299314,1.6,False
0,2023-09-12 15:21:46.518179,0,False
0,2023-09-12 15:22:17.738453,0,False
0,2023-09-12 15:22:48.958251,0,False
0,2023-09-12 15:23:20.177555,0,False
0,2023-09-12 15:23:51.396869,0,False
0,2023-09-12 15:24:22.613051,0,False
0,2023-09-12 15:24:53.828442,0,False
0,2023-09-12 15:25:25.044068,0,False
0,2023-09-12 15:25:56.256410,0,False
0,2023-09-12 15:26:27.472528,0,False
0,2023-09-12 15:26:58.687235,0,False
0,2023-09-12 15:27:29.902157,0,False
0,2023-09-12 15:28:25.290362,0,False
0,2023-09-12 15:28:56.505067,1.6,False
0,2023-09-12 15:29:27.722015,1.6,False
0,2023-09-12 15:29:58.941221,1.6,False
0,2023-09-12 15:30:30.153995,1.6,False
0,2023-09-12 15:31:01.369227,0,False
0,2023-09-12 15:31:32.582958,0,False
0,2023-09-12 15:32:03.797977,0,False
0,2023-09-12 15:32:50.126274,0,False
0,2023-09-12 15:33:21.347930,1.6,False
0,2023-09-12 15:33:52.569172,1.6,False
0,2023-09-12 15:34:23.793278,1.6,False
0,2023-09-12 15:34:55.015665,1.6,False
0,2023-09-12 15:35:26.239677,0,False
0,2023-09-12 15:35:57.463336,0,False
0,2023-09-12 15:36:28.681671,0,False
0,2023-09-12 15:36:59.900314,0,False
0,2023-09-12 15:37:31.121423,0,False
0,2023-09-12 15:38:02.341706,0,False
0,2023-09-12 15:38:33.560932,0,False
0,2023-09-12 15:39:04.775698,0,False
0,2023-09-12 15:39:35.993828,0,False
0,2023-09-12 15:40:16.273238,0,False
0,2023-09-12 15:40:47.489404,1.6,False
0,2023-09-12 15:41:18.707389,1.6,False
0,2023-09-12 15:41:49.923882,1.6,False
0,2023-09-12 15:42:21.140068,1.6,False
0,2023-09-12 15:42:52.356663,0,False
0,2023-09-12 15:43:23.572704,0,False
0,2023-09-12 15:43:54.787278,0,False
0,2023-09-12 15:44:26.000710,0,False
0,2023-09-12 15:44:57.212093,0,False
0,2023-09-12 15:45:28.424629,0,False
0,2023-09-12 15:45:59.640275,0,False
0,2023-09-12 15:46:30.852947,0,False
0,2023-09-12 15:47:02.063714,0,False
0,2023-09-12 15:47:33.276299,0,False
0,2023-09-12 15:48:04.489418,0,False
0,2023-09-12 15:48:35.703896,0,False
0,2023-09-12 15:49:06.915194,0,False
0,2023-09-12 15:49:38.125799,0,False
0,2023-09-12 15:50:09.337062,0,False
0,2023-09-12 15:50:40.550723,0,False
0,2023-09-12 15:51:11.760228,0,False
0,2023-09-12 15:51:42.969431,0,False
0,2023-09-12 15:52:14.182848,0,False
0,2023-09-12 15:52:45.398332,0,False
0,2023-09-12 15:53:16.612261,0,False
0,2023-09-12 15:53:47.826375,0,False
0,2023-09-12 15:54:19.040737,0,False
0,2023-09-12 15:54:50.249979,0,False
0,2023-09-12 15:55:21.459068,0,False
0,2023-09-12 15:55:52.666477,0,False
0,2023-09-12 15:56:23.875122,0,False
0,2023-09-12 15:56:55.084186,0,False
0,2023-09-12 15:57:26.293880,0,False
0,2023-09-12 15:57:57.504135,0,False
0,2023-09-12 15:58:28.713630,0,False
0,2023-09-12 15:58:59.929956,0,False
0,2023-09-12 15:59:31.141468,0,False
0,2023-09-12 16:00:02.351960,0,False
0,2023-09-12 16:00:51.689418,0,False
0,2023-09-12 16:01:22.899775,1.6,False
0,2023-09-12 16:01:54.108230,1.6,False
0,2023-09-12 16:02:25.320127,1.6,False
0,2023-09-12 16:02:56.536046,1.6,False
0,2023-09-12 16:03:27.752795,0,False
0,2023-09-12 16:03:58.964515,0,False
0,2023-09-12 16:04:30.178384,0,False
0,2023-09-12 16:05:01.394978,0,False
0,2023-09-12 16:05:32.610477,0,False
0,2023-09-12 16:06:03.825993,0,False
0,2023-09-12 16:06:35.042397,0,False
0,2023-09-12 16:07:06.258415,0,False
0,2023-09-12 16:07:37.476687,0,False
0,2023-09-12 16:08:08.695486,0,False
0,2023-09-12 16:08:39.916787,0,False
0,2023-09-12 16:09:11.138349,0,False
0,2023-09-12 16:09:42.359017,0,False
0,2023-09-12 16:10:13.581334,0,False
0,2023-09-12 16:10:44.806621,0,False
0,2023-09-12 16:11:16.030370,0,False
0,2023-09-12 16:11:47.252500,0,False
0,2023-09-12 16:12:18.473522,0,False
0,2023-09-12 16:12:49.694846,0,False
0,2023-09-12 16:13:20.916697,0,False
0,2023-09-12 16:13:52.135866,0,False
0,2023-09-12 16:14:23.356760,0,False
0,2023-09-12 16:14:54.575236,0,False
0,2023-09-12 16:15:25.792820,0,False
0,2023-09-12 16:15:57.010472,0,False
0,2023-09-12 16:16:28.228296,0,False
0,2023-09-12 16:16:59.443823,0,False
0,2023-09-12 16:17:30.658127,0,False
0,2023-09-12 16:18:01.871433,0,False
0,2023-09-12 16:18:33.086805,0,False
0,2023-09-12 16:19:04.303003,0,False
0,2023-09-12 16:19:35.519424,0,False
0,2023-09-12 16:20:06.734340,0,False
0,2023-09-12 16:20:37.952197,0,False
0,2023-09-12 16:21:09.167954,0,False
0,2023-09-12 16:21:40.384994,0,False
0,2023-09-12 16:22:11.602694,0,False
0,2023-09-12 16:22:42.820879,0,False
0,2023-09-12 16:23:14.039250,0,False
0,2023-09-12 16:23:45.258895,0,False
0,2023-09-12 16:24:16.479337,0,False
0,2023-09-12 16:24:47.703152,0,False
0,2023-09-12 16:25:18.923968,0,False
0,2023-09-12 16:25:50.145109,0,False
0,2023-09-12 16:26:21.366812,0,False
0,2023-09-12 16:26:52.588912,0,False
0,2023-09-12 16:27:23.810426,0,False
0,2023-09-12 16:27:55.031873,0,False
0,2023-09-12 16:28:26.252081,0,False
0,2023-09-12 16:28:57.473590,0,False
0,2023-09-12 16:29:28.695244,0,False
0,2023-09-12 16:29:59.916515,0,False
0,2023-09-12 16:30:31.138084,0,False
0,2023-09-12 16:31:02.358637,0,False
0,2023-09-12 16:31:33.581243,0,False
0,2023-09-12 16:32:04.804902,0,False
0,2023-09-12 16:32:36.027738,0,False
0,2023-09-12 16:33:07.250914,0,False
0,2023-09-12 16:33:38.471828,0,False
0,2023-09-12 16:34:09.691707,0,False
0,2023-09-12 16:34:40.909784,0,False
0,2023-09-12 16:35:12.131038,0,False
0,2023-09-12 16:35:43.350472,0,False
0,2023-09-12 16:36:14.572730,0,False
0,2023-09-12 16:36:45.793072,0,False
0,2023-09-12 16:37:17.012743,0,False
0,2023-09-12 16:37:48.233889,0,False
0,2023-09-12 16:38:19.453330,0,False
0,2023-09-12 16:38:50.674211,0,False
0,2023-09-12 16:39:21.895284,0,False
0,2023-09-12 16:39:53.115961,0,False
0,2023-09-12 16:40:24.335777,0,False
0,2023-09-12 16:40:55.552038,0,False
0,2023-09-12 16:41:26.767596,0,False
0,2023-09-12 16:41:57.982204,0,False
0,2023-09-12 16:42:29.199374,0,False
0,2023-09-12 16:43:00.412609,0,False
0,2023-09-12 16:43:31.628124,0,False
0,2023-09-12 16:44:02.843943,0,False
0,2023-09-12 16:44:34.059417,0,False
0,2023-09-12 16:45:05.277681,0,False
0,2023-09-12 16:45:36.495635,0,False
0,2023-09-12 16:46:07.711753,0,False
0,2023-09-12 16:46:38.929229,0,False
0,2023-09-12 16:47:10.146887,0,False
0,2023-09-12 16:47:41.361908,0,False
0,2023-09-12 16:48:12.577827,0,False
0,2023-09-12 16:48:43.796305,0,False
0,2023-09-12 16:49:15.013301,0,False
0,2023-09-12 16:49:46.229424,0,False
0,2023-09-12 16:50:17.445879,0,False
0,2023-09-12 16:50:48.668333,0,False
0,2023-09-12 16:51:19.889790,0,False
0,2023-09-12 16:51:51.111026,0,False
0,2023-09-12 16:52:22.333820,0,False
0,2023-09-12 16:52:53.553150,0,False
0,2023-09-12 16:53:24.774184,0,False
0,2023-09-12 16:53:55.998213,0,False
0,2023-09-12 16:54:27.220835,0,False
0,2023-09-12 16:54:58.441520,0,False
0,2023-09-12 16:55:29.661811,0,False
0,2023-09-12 16:56:00.881427,0,False
0,2023-09-12 16:56:32.103592,0,False
0,2023-09-12 16:57:03.324654,0,False
0,2023-09-12 16:57:34.545044,0,False
0,2023-09-12 16:58:05.766370,0,False
0,2023-09-12 16:58:36.987207,0,False
0,2023-09-12 16:59:08.209583,0,False
0,2023-09-12 16:59:39.433012,0,False
0,2023-09-12 17:00:10.654366,0,False
0,2023-09-12 17:00:41.870908,0,False
0,2023-09-12 17:01:13.090447,0,False
0,2023-09-12 17:01:44.311385,0,False
0,2023-09-12 17:02:15.534108,0,False
0,2023-09-12 17:02:46.752546,0,False
0,2023-09-12 17:03:17.972048,0,False
0,2023-09-12 17:03:49.192445,0,False
0,2023-09-12 17:04:20.412826,0,False
0,2023-09-12 17:04:51.632005,0,False
0,2023-09-12 17:05:22.849265,0,False
0,2023-09-12 17:05:54.065152,0,False
0,2023-09-12 17:06:25.285736,0,False
0,2023-09-12 17:06:56.500475,0,False
0,2023-09-12 17:07:27.719099,0,False
0,2023-09-12 17:07:58.936310,0,False
0,2023-09-12 17:08:30.153656,0,False
0,2023-09-12 17:09:01.369339,0,False
0,2023-09-12 17:09:32.583432,0,False
0,2023-09-12 17:10:03.800572,0,False
0,2023-09-12 17:10:35.023720,0,False
0,2023-09-12 17:11:06.243275,0,False
0,2023-09-12 17:11:37.458342,0,False
0,2023-09-12 17:12:08.675088,0,False
0,2023-09-12 17:12:39.892413,0,False
0,2023-09-12 17:13:11.113218,0,False
0,2023-09-12 17:13:42.333478,0,False
0,2023-09-12 17:14:13.557263,0,False
0,2023-09-12 17:14:44.780443,0,False
0,2023-09-12 17:15:16.000367,0,False
0,2023-09-12 17:15:47.220182,0,False
0,2023-09-12 17:16:18.439954,0,False
0,2023-09-12 17:16:49.659580,0,False
0,2023-09-12 17:17:20.878094,0,False
0,2023-09-12 17:17:52.097324,0,False
0,2023-09-12 17:18:23.317624,0,False
0,2023-09-12 17:18:54.535064,0,False
0,2023-09-12 17:19:25.749085,0,False
0,2023-09-12 17:19:56.963028,0,False
0,2023-09-12 17:20:28.181403,0,False
0,2023-09-12 17:20:59.401576,0,False
0,2023-09-12 17:21:30.620868,0,False
0,2023-09-12 17:22:01.840024,0,False
0,2023-09-12 17:22:33.058031,0,False
0,2023-09-12 17:23:04.274924,0,False
0,2023-09-12 17:23:35.493230,0,False
0,2023-09-12 17:24:06.713988,0,False
0,2023-09-12 17:24:37.932635,0,False
0,2023-09-12 17:25:09.149913,0,False
0,2023-09-12 17:25:40.370956,0,False
0,2023-09-12 17:26:11.594102,0,False
0,2023-09-12 17:26:42.815150,0,False
0,2023-09-12 17:27:14.035615,0,False
0,2023-09-12 17:27:45.256258,0,False
0,2023-09-12 17:28:16.476932,0,False
0,2023-09-12 17:28:47.698980,0,False
0,2023-09-12 17:29:18.921472,0,False
0,2023-09-12 17:29:50.141359,0,False
0,2023-09-12 17:30:21.365470,0,False
0,2023-09-12 17:30:52.586999,0,False
0,2023-09-12 17:31:23.808087,0,False
0,2023-09-12 17:31:55.029459,0,False
0,2023-09-12 17:32:26.251518,0,False
0,2023-09-12 17:32:57.469712,0,False
0,2023-09-12 17:33:28.690216,0,False
0,2023-09-12 17:33:59.906836,0,False
0,2023-09-12 17:34:31.124094,0,False
0,2023-09-12 17:35:02.341138,0,False
0,2023-09-12 17:35:33.562809,0,False
0,2023-09-12 17:36:04.782267,0,False
0,2023-09-12 17:36:36.001957,0,False
0,2023-09-12 17:37:07.221605,0,False
0,2023-09-12 17:37:38.436894,0,False
0,2023-09-12 17:38:09.652635,0,False
0,2023-09-12 17:38:40.870658,0,False
0,2023-09-12 17:39:12.089499,0,False
0,2023-09-12 17:39:43.311322,0,False
0,2023-09-12 17:40:14.531326,0,False
0,2023-09-12 17:40:45.750131,0,False
0,2023-09-12 17:41:16.969017,0,False
0,2023-09-12 17:41:48.189708,0,False
0,2023-09-12 17:42:19.409584,0,False
0,2023-09-12 17:42:50.629924,0,False
0,2023-09-12 17:43:21.850203,0,False
0,2023-09-12 17:43:53.068281,0,False
0,2023-09-12 17:44:24.286449,0,False
0,2023-09-12 17:44:55.506462,0,False
0,2023-09-12 17:45:26.725739,0,False
0,2023-09-12 17:45:57.943585,0,False
0,2023-09-12 17:46:29.163692,0,False
0,2023-09-12 17:47:00.383662,0,False
0,2023-09-12 17:47:31.603731,0,False
0,2023-09-12 17:48:02.821956,0,False
0,2023-09-12 17:48:34.038498,0,False
0,2023-09-12 17:49:05.258372,0,False
0,2023-09-12 17:49:36.482187,0,False
0,2023-09-12 17:50:07.705189,0,False
0,2023-09-12 17:50:38.929950,0,False
0,2023-09-12 17:51:10.152069,0,False
0,2023-09-12 17:51:41.372356,0,False
0,2023-09-12 17:52:12.591706,0,False
0,2023-09-12 17:52:43.808799,0,False
0,2023-09-12 17:53:15.027559,0,False
0,2023-09-12 17:53:46.244593,0,False
0,2023-09-12 17:54:17.462769,0,False
0,2023-09-12 17:54:48.679995,0,False
0,2023-09-12 17:55:19.897640,0,False
0,2023-09-12 17:55:51.115021,0,False
0,2023-09-12 17:56:22.333264,0,False
0,2023-09-12 17:56:53.548539,0,False
0,2023-09-12 17:57:24.763091,0,False
0,2023-09-12 17:57:55.978701,0,False
0,2023-09-12 17:58:27.195139,0,False
0,2023-09-12 17:58:58.412411,0,False
0,2023-09-12 17:59:29.630438,0,False
0,2023-09-12 18:00:00.850256,0,False
0,2023-09-12 18:00:32.068131,0,False
0,2023-09-12 18:01:03.283807,0,False
0,2023-09-12 18:01:34.502448,0,False
0,2023-09-12 18:02:05.719818,0,False
0,2023-09-12 18:02:36.938691,0,False
0,2023-09-12 18:03:08.156977,0,False
0,2023-09-12 18:03:39.375333,0,False
0,2023-09-12 18:04:10.593513,0,False
0,2023-09-12 18:04:41.813473,0,False
0,2023-09-12 18:05:13.031172,0,False
0,2023-09-12 18:05:44.249169,0,False
0,2023-09-12 18:06:15.467069,0,False
0,2023-09-12 18:06:46.688987,0,False
0,2023-09-12 18:07:17.910462,0,False
0,2023-09-12 18:07:49.135487,0,False
0,2023-09-12 18:08:20.358018,0,False
0,2023-09-12 18:08:51.580722,0,False
0,2023-09-12 18:09:22.807233,0,False
0,2023-09-12 18:09:54.033592,0,False
0,2023-09-12 18:10:25.258223,0,False
0,2023-09-12 18:10:56.480833,0,False
0,2023-09-12 18:11:27.705074,0,False
0,2023-09-12 18:11:58.930743,0,False
0,2023-09-12 18:12:30.153752,0,False
0,2023-09-12 18:13:01.375428,0,False
0,2023-09-12 18:13:32.596019,0,False
0,2023-09-12 18:14:03.816157,0,False
0,2023-09-12 18:14:35.034039,0,False
0,2023-09-12 18:15:06.252620,0,False
0,2023-09-12 18:15:37.468238,0,False
0,2023-09-12 18:16:08.685280,0,False
0,2023-09-12 18:16:39.899749,0,False
0,2023-09-12 18:17:11.113355,0,False
0,2023-09-12 18:17:42.326610,0,False
0,2023-09-12 18:18:13.540721,0,False
0,2023-09-12 18:18:44.754515,0,False
0,2023-09-12 18:19:15.971825,0,False
0,2023-09-12 18:19:47.189471,0,False
0,2023-09-12 18:20:18.409267,0,False
0,2023-09-12 18:20:49.627735,0,False
0,2023-09-12 18:21:20.847051,0,False
0,2023-09-12 18:21:52.065203,0,False
0,2023-09-12 18:22:23.280391,0,False
0,2023-09-12 18:22:54.497273,0,False
0,2023-09-12 18:23:25.713206,0,False
0,2023-09-12 18:23:56.932344,0,False
0,2023-09-12 18:24:28.150941,0,False
0,2023-09-12 18:24:59.370038,0,False
0,2023-09-12 18:25:30.587918,0,False
0,2023-09-12 18:26:01.804570,0,False
0,2023-09-12 18:26:33.021107,0,False
0,2023-09-12 18:27:04.237286,0,False
0,2023-09-12 18:27:35.454866,0,False
0,2023-09-12 18:28:06.672985,0,False
0,2023-09-12 18:28:37.892430,0,False
0,2023-09-12 18:29:09.110730,0,False
0,2023-09-12 18:29:40.329511,0,False
0,2023-09-12 18:30:11.544557,0,False
0,2023-09-12 18:30:42.757857,0,False
0,2023-09-12 18:31:13.973594,0,False
0,2023-09-12 18:31:45.186988,0,False
0,2023-09-12 18:32:16.401507,0,False
0,2023-09-12 18:32:47.617894,0,False
0,2023-09-12 18:33:18.834024,0,False
0,2023-09-12 18:33:50.051756,0,False
0,2023-09-12 18:34:21.268147,0,False
0,2023-09-12 18:34:52.482280,0,False
0,2023-09-12 18:35:23.694372,0,False
0,2023-09-12 18:35:54.907430,0,False
0,2023-09-12 18:36:26.118172,0,False
0,2023-09-12 18:36:57.330295,0,False
0,2023-09-12 18:37:28.543362,0,False
0,2023-09-12 18:37:59.759678,0,False
0,2023-09-12 18:38:30.977439,0,False
0,2023-09-12 18:39:02.195870,0,False
0,2023-09-12 18:39:33.417112,0,False
0,2023-09-12 18:40:04.639459,0,False
0,2023-09-12 18:40:35.859792,0,False
0,2023-09-12 18:41:07.080160,0,False
0,2023-09-12 18:41:38.300168,0,False
0,2023-09-12 18:42:09.521514,0,False
0,2023-09-12 18:42:40.742489,0,False
0,2023-09-12 18:43:11.961353,0,False
0,2023-09-12 18:43:43.182738,0,False
0,2023-09-12 18:44:14.403029,0,False
0,2023-09-12 18:44:45.625044,0,False
0,2023-09-12 18:45:16.846630,0,False
0,2023-09-12 18:45:48.069033,0,False
0,2023-09-12 18:46:19.290372,0,False
0,2023-09-12 18:46:50.511774,0,False
0,2023-09-12 18:47:21.731739,0,False
0,2023-09-12 18:47:52.949094,0,False
0,2023-09-12 18:48:24.164898,0,False
0,2023-09-12 18:48:55.382670,0,False
0,2023-09-12 18:49:26.599240,0,False
0,2023-09-12 18:49:57.813974,0,False
0,2023-09-12 18:50:29.029605,0,False
0,2023-09-12 18:51:00.246705,0,False
0,2023-09-12 18:51:31.461765,0,False
0,2023-09-12 18:52:02.678297,0,False
0,2023-09-12 18:52:33.894330,0,False
0,2023-09-12 18:53:05.112101,0,False
0,2023-09-12 18:53:36.326997,0,False
0,2023-09-12 18:54:07.544391,0,False
0,2023-09-12 18:54:38.761480,0,False
0,2023-09-12 18:55:09.979419,0,False
0,2023-09-12 18:55:41.196515,0,False
0,2023-09-12 19:04:09.837593,0,False
0,2023-09-12 19:04:41.056461,1.6,False
0,2023-09-12 19:06:09.692918,0,False
0,2023-09-12 19:06:40.914696,1.6,False
0,2023-09-12 19:07:12.138729,1.6,False
0,2023-09-12 19:07:43.360417,1.6,False
0,2023-09-12 19:08:14.581983,1.6,False
0,2023-09-12 19:08:45.805363,0,False
0,2023-09-12 19:09:17.025899,0,False
0,2023-09-12 19:09:48.243996,0,False
0,2023-09-12 19:10:19.464315,1.6,False
0,2023-09-12 19:12:24.362339,0,False
0,2023-09-12 19:12:55.584547,1.6,False
0,2023-09-12 19:13:26.807933,1.6,False
0,2023-09-12 19:13:58.030757,1.6,False
0,2023-09-12 19:14:29.252461,1.6,False
0,2023-09-12 19:15:00.471876,0,False
0,2023-09-12 19:15:31.691804,0,False
0,2023-09-12 19:16:02.911427,0,False
0,2023-09-12 19:16:34.127491,0,False
0,2023-09-12 19:17:05.344130,0,False
0,2023-09-12 19:17:36.560591,0,False
0,2023-09-12 19:18:07.777018,0,False
0,2023-09-12 19:18:38.991613,0,False
0,2023-09-12 19:19:10.205707,0,False
0,2023-09-12 19:19:41.420628,0,False
0,2023-09-12 19:20:12.636080,0,False
0,2023-09-12 19:20:43.849219,1.6,False
0,2023-09-12 19:21:15.063772,1.6,False
0,2023-09-12 19:21:46.278730,1.6,False
0,2023-09-12 19:22:17.492012,1.6,False
0,2023-09-12 19:22:48.704556,0,False
0,2023-09-12 19:23:19.920181,0,False
0,2023-09-12 19:23:51.133370,0,False
0,2023-09-12 19:24:22.348995,0,False
0,2023-09-12 19:24:53.564656,0,False
0,2023-09-12 19:25:24.781236,0,False
0,2023-09-12 19:25:55.995020,0,False
0,2023-09-12 19:26:27.206783,0,False
0,2023-09-12 19:26:58.418404,0,False
0,2023-09-12 19:27:29.630374,0,False
0,2023-09-12 19:28:00.841620,0,False
0,2023-09-12 19:28:32.055741,0,False
0,2023-09-12 19:29:03.268250,0,False
0,2023-09-12 19:29:34.478122,0,False
0,2023-09-12 19:30:05.688481,0,False
0,2023-09-12 19:30:36.903814,1.6,False
0,2023-09-12 19:31:08.117635,1.6,False
0,2023-09-12 19:31:39.333555,1.6,False
0,2023-09-12 19:32:10.545663,1.6,False
0,2023-09-12 19:32:41.760619,0,False
0,2023-09-12 19:33:12.975606,0,False
0,2023-09-12 19:33:44.191549,0,False
0,2023-09-12 19:34:15.408494,0,False
0,2023-09-12 19:34:46.624733,0,False
0,2023-09-12 19:35:17.840622,0,False
0,2023-09-12 19:35:49.055191,0,False
0,2023-09-12 19:36:20.267935,0,False
0,2023-09-12 19:36:51.481286,0,False
0,2023-09-12 19:37:22.695414,0,False
0,2023-09-12 19:37:53.911773,0,False
0,2023-09-12 19:38:25.126233,0,False
0,2023-09-12 19:38:56.342857,0,False
0,2023-09-12 19:39:51.730994,0,False
0,2023-09-12 19:40:22.946862,0,False
0,2023-09-12 19:40:54.163044,1.6,False
0,2023-09-12 19:41:25.382664,1.6,False
0,2023-09-12 19:41:56.600021,1.6,False
0,2023-09-12 19:42:27.816051,1.6,False
0,2023-09-12 19:42:59.032460,0,False
0,2023-09-12 19:43:30.250128,0,False
0,2023-09-12 19:44:01.468594,0,False
0,2023-09-12 19:44:32.688610,0,False
0,2023-09-12 19:45:03.909115,0,False
0,2023-09-12 19:45:35.130178,0,False
0,2023-09-12 19:46:06.350145,0,False
0,2023-09-12 19:46:37.567834,0,False
0,2023-09-12 19:47:08.785878,0,False
0,2023-09-12 19:47:40.004596,0,False
0,2023-09-12 19:48:11.224013,0,False
0,2023-09-12 19:48:42.444051,0,False
0,2023-09-12 19:49:13.661575,0,False
0,2023-09-12 19:49:44.878026,0,False
0,2023-09-12 19:50:16.094590,0,False
0,2023-09-12 19:50:47.312145,1.6,False
0,2023-09-12 19:51:18.529865,1.6,False
0,2023-09-12 19:51:49.745626,1.6,False
0,2023-09-12 19:52:20.964145,1.6,False
0,2023-09-12 19:52:52.181858,0,False
0,2023-09-12 19:53:23.396750,0,False
0,2023-09-12 19:53:54.610727,0,False
0,2023-09-12 19:54:25.825758,0,False
0,2023-09-12 19:54:57.042145,0,False
0,2023-09-12 19:55:28.256425,0,False
0,2023-09-12 19:55:59.470332,0,False
0,2023-09-12 19:56:30.685289,0,False
0,2023-09-12 19:57:01.899725,0,False
0,2023-09-12 19:57:33.113216,0,False
0,2023-09-12 19:58:04.328966,0,False
0,2023-09-12 19:58:35.540744,0,False
0,2023-09-12 19:59:06.755653,0,False
0,2023-09-12 19:59:37.971044,0,False
0,2023-09-12 20:00:09.187630,0,False
0,2023-09-12 20:00:40.404407,1.6,False
0,2023-09-12 20:01:11.616902,1.6,False
0,2023-09-12 20:01:42.828373,1.6,False
0,2023-09-12 20:06:48.958469,0,False
0,2023-09-12 20:07:20.170326,1.6,False
0,2023-09-12 20:09:09.922520,0,False
0,2023-09-12 20:09:41.133239,0,False
0,2023-09-12 20:10:12.344252,0,False
0,2023-09-12 20:10:43.556052,0,False
0,2023-09-12 20:11:14.770535,0,False
0,2023-09-12 20:11:45.986914,0,False
0,2023-09-12 20:12:17.197670,0,False
0,2023-09-12 20:12:48.408529,0,False
0,2023-09-12 20:13:19.620373,0,False
0,2023-09-12 20:13:50.834484,0,False
0,2023-09-12 20:14:22.044743,0,False
0,2023-09-12 20:14:53.259560,0,False
0,2023-09-12 20:15:24.476429,0,False
0,2023-09-12 20:15:55.690828,0,False
0,2023-09-12 20:16:26.905286,0,False
0,2023-09-12 20:16:58.121137,0,False
0,2023-09-12 20:17:29.336968,0,False
0,2023-09-12 20:18:00.553756,0,False
0,2023-09-12 20:18:31.770650,0,False
0,2023-09-12 20:19:02.988964,0,False
0,2023-09-12 20:19:34.207111,0,False
0,2023-09-12 20:20:05.425565,0,False
0,2023-09-12 20:20:36.642568,0,False
0,2023-09-12 20:21:07.861235,0,False
0,2023-09-12 20:21:39.076862,0,False
0,2023-09-12 20:22:10.295348,0,False
0,2023-09-12 20:22:41.511785,0,False
0,2023-09-12 20:23:12.729556,0,False
0,2023-09-12 20:23:43.946055,0,False
0,2023-09-12 20:24:15.164585,0,False
0,2023-09-12 20:24:46.381521,0,False
0,2023-09-12 20:25:17.596470,0,False
0,2023-09-12 20:25:48.812453,0,False
0,2023-09-12 20:26:20.029340,0,False
0,2023-09-12 20:26:51.249670,0,False
0,2023-09-12 20:27:22.468323,0,False
0,2023-09-12 20:27:53.685902,0,False
0,2023-09-12 20:28:24.902161,0,False
0,2023-09-12 20:28:56.118887,0,False
0,2023-09-12 20:29:27.336273,0,False
0,2023-09-12 20:29:58.549071,0,False
0,2023-09-12 20:30:29.763557,0,False
0,2023-09-12 20:31:00.977433,0,False
0,2023-09-12 20:31:32.191683,0,False
0,2023-09-12 20:32:03.408134,0,False
0,2023-09-12 20:32:34.621357,0,False
0,2023-09-12 20:33:05.835661,0,False
0,2023-09-12 20:33:37.049410,0,False
0,2023-09-12 20:34:08.260864,0,False
0,2023-09-12 20:34:39.471460,0,False
0,2023-09-12 20:35:10.685931,0,False
0,2023-09-12 20:35:41.901486,0,False
0,2023-09-12 20:36:13.112870,0,False
0,2023-09-12 20:36:44.327060,0,False
0,2023-09-12 20:37:15.546079,0,False
0,2023-09-12 20:37:46.763897,0,False
0,2023-09-12 20:38:17.983016,0,False
0,2023-09-12 20:38:49.199258,0,False
0,2023-09-12 20:39:20.416132,0,False
0,2023-09-12 20:39:51.633511,0,False
0,2023-09-12 20:40:22.851018,0,False
0,2023-09-12 20:40:54.069321,0,False
0,2023-09-12 20:41:25.290631,0,False
0,2023-09-12 20:41:56.509140,0,False
0,2023-09-12 20:42:27.726548,0,False
0,2023-09-12 20:42:58.942017,0,False
0,2023-09-12 20:43:30.153863,0,False
0,2023-09-12 20:44:01.364394,0,False
0,2023-09-12 20:44:32.580306,0,False
0,2023-09-12 20:45:03.796086,0,False
0,2023-09-12 20:45:35.011369,0,False
0,2023-09-12 20:46:06.224613,0,False
0,2023-09-12 20:46:37.439037,0,False
0,2023-09-12 20:47:08.653018,0,False
0,2023-09-12 20:47:39.863833,0,False
0,2023-09-12 20:48:11.077762,0,False
0,2023-09-12 20:48:42.290922,0,False
0,2023-09-12 20:49:13.506612,0,False
0,2023-09-12 20:49:44.721310,0,False
0,2023-09-12 20:50:15.935985,0,False
0,2023-09-12 20:50:47.150557,0,False
0,2023-09-12 20:51:18.367301,0,False
0,2023-09-12 20:51:49.586821,0,False
0,2023-09-12 20:52:20.806550,0,False
0,2023-09-12 20:52:52.025763,0,False
0,2023-09-12 20:53:23.243363,0,False
0,2023-09-12 20:53:54.461807,0,False
0,2023-09-12 20:54:25.678105,0,False
0,2023-09-12 20:54:56.894654,0,False
0,2023-09-12 20:55:28.111254,0,False
0,2023-09-12 20:55:59.328445,0,False
0,2023-09-12 20:56:30.546556,0,False
0,2023-09-12 20:57:01.764304,0,False
0,2023-09-12 20:57:32.981396,0,False
0,2023-09-12 20:58:04.201522,0,False
0,2023-09-12 20:58:35.420155,0,False
0,2023-09-12 20:59:06.640451,0,False
0,2023-09-12 20:59:37.861283,0,False
0,2023-09-12 21:00:09.082438,0,False
0,2023-09-12 21:00:40.300123,0,False
0,2023-09-12 21:01:11.518806,0,False
0,2023-09-12 21:01:42.739322,0,False
0,2023-09-12 21:02:13.962105,0,False
0,2023-09-12 21:02:45.184813,0,False
0,2023-09-12 21:03:16.406747,0,False
0,2023-09-12 21:03:47.627458,0,False
0,2023-09-12 21:04:18.846903,0,False
0,2023-09-12 21:04:50.066583,0,False
0,2023-09-12 21:05:21.280739,0,False
0,2023-09-12 21:05:52.494476,0,False
0,2023-09-12 21:06:23.709583,0,False
0,2023-09-12 21:06:54.923613,0,False
0,2023-09-12 21:07:26.138816,0,False
0,2023-09-12 21:07:57.352252,0,False
0,2023-09-12 21:08:28.566629,0,False
0,2023-09-12 21:08:59.783216,0,False
0,2023-09-12 21:09:30.993861,0,False
0,2023-09-12 21:10:02.206798,0,False
0,2023-09-12 21:10:33.422533,0,False
0,2023-09-12 21:11:04.636806,0,False
0,2023-09-12 21:11:35.847038,0,False
0,2023-09-12 21:12:07.060417,0,False
0,2023-09-12 21:12:38.273942,0,False
0,2023-09-12 21:13:09.484382,0,False
0,2023-09-12 21:13:40.696330,0,False
0,2023-09-12 21:14:11.908576,0,False
0,2023-09-12 21:14:43.124970,0,False
0,2023-09-12 21:15:14.343854,0,False
0,2023-09-12 21:15:45.561575,0,False
0,2023-09-12 21:16:16.779836,0,False
0,2023-09-12 21:16:47.996654,0,False
0,2023-09-12 21:17:19.219160,0,False
0,2023-09-12 21:17:50.441293,0,False
0,2023-09-12 21:18:21.657947,0,False
0,2023-09-12 21:18:52.874969,0,False
0,2023-09-12 21:19:24.090513,0,False
0,2023-09-12 21:19:55.304548,0,False
0,2023-09-12 21:20:26.522329,0,False
0,2023-09-12 21:20:57.741105,0,False
0,2023-09-12 21:21:28.961139,0,False
0,2023-09-12 21:22:00.184300,0,False
0,2023-09-12 21:22:31.405719,0,False
0,2023-09-12 21:23:02.625936,0,False
0,2023-09-12 21:23:33.845357,0,False
0,2023-09-12 21:24:05.063772,0,False
0,2023-09-12 21:24:36.283909,0,False
0,2023-09-12 21:25:07.502696,0,False
0,2023-09-12 21:25:38.723338,0,False
0,2023-09-12 21:26:09.940772,0,False
0,2023-09-12 21:26:41.158275,0,False
0,2023-09-12 21:27:12.375154,0,False
0,2023-09-12 21:27:43.594681,0,False
0,2023-09-12 21:28:14.814124,0,False
0,2023-09-12 21:28:46.032138,0,False
0,2023-09-12 21:29:17.246719,0,False
0,2023-09-12 21:29:48.463893,0,False
0,2023-09-12 21:30:19.681360,0,False
0,2023-09-12 21:30:50.897051,0,False
0,2023-09-12 21:31:22.115896,0,False
0,2023-09-12 21:31:53.331743,0,False
0,2023-09-12 21:32:24.553272,0,False
0,2023-09-12 21:32:55.771767,0,False
0,2023-09-12 21:33:26.992173,0,False
0,2023-09-12 21:33:58.213702,0,False
0,2023-09-12 21:34:29.437320,0,False
0,2023-09-12 21:35:00.660937,0,False
0,2023-09-12 21:35:31.883345,0,False
0,2023-09-12 21:36:03.107001,0,False
0,2023-09-12 21:36:34.330314,0,False
0,2023-09-12 21:37:05.551653,0,False
0,2023-09-12 21:37:36.771011,0,False
0,2023-09-12 21:38:07.990965,0,False
0,2023-09-12 21:38:39.209421,0,False
0,2023-09-12 21:39:10.426902,0,False
0,2023-09-12 21:39:41.645515,0,False
0,2023-09-12 21:40:12.862889,0,False
0,2023-09-12 21:40:44.078960,0,False
0,2023-09-12 21:41:15.297715,0,False
0,2023-09-12 21:41:46.514139,0,False
0,2023-09-12 21:42:17.731634,0,False
0,2023-09-12 21:42:48.952696,0,False
0,2023-09-12 21:43:20.171951,0,False
0,2023-09-12 21:43:51.388845,0,False
0,2023-09-12 21:44:22.608418,0,False
0,2023-09-12 21:44:53.827053,0,False
0,2023-09-12 21:45:25.045698,0,False
0,2023-09-12 21:45:56.264562,0,False
0,2023-09-12 21:46:27.486387,0,False
0,2023-09-12 21:46:58.706079,0,False
0,2023-09-12 21:47:29.926804,0,False
0,2023-09-12 21:48:01.144681,0,False
0,2023-09-12 21:48:32.362957,0,False
0,2023-09-12 21:49:03.577576,0,False
0,2023-09-12 21:49:34.796092,0,False
0,2023-09-12 21:50:06.012538,0,False
0,2023-09-12 21:50:37.228642,0,False
0,2023-09-12 21:51:08.444762,0,False
0,2023-09-12 21:51:39.664217,0,False
0,2023-09-12 21:52:10.882577,0,False
0,2023-09-12 21:52:42.098045,0,False
0,2023-09-12 21:53:13.314751,0,False
0,2023-09-12 21:53:44.528961,0,False
0,2023-09-12 21:54:15.746925,0,False
0,2023-09-12 21:54:46.966540,0,False
0,2023-09-12 21:55:18.184340,0,False
0,2023-09-12 21:55:49.401229,0,False
0,2023-09-12 21:56:20.617503,0,False
0,2023-09-12 21:56:51.838026,0,False
0,2023-09-12 21:57:23.050488,0,False
0,2023-09-12 21:57:54.268916,0,False
0,2023-09-12 21:58:25.485757,0,False
0,2023-09-12 21:58:56.703496,0,False
0,2023-09-12 21:59:27.918920,0,False
0,2023-09-12 21:59:59.136585,0,False
0,2023-09-12 22:00:30.355453,0,False
0,2023-09-12 22:01:01.575316,0,False
0,2023-09-12 22:01:32.794572,0,False
0,2023-09-12 22:02:04.012654,0,False
0,2023-09-12 22:02:35.229950,0,False
0,2023-09-12 22:03:06.452433,0,False
0,2023-09-12 22:03:37.671714,0,False
0,2023-09-12 22:04:08.893334,0,False
0,2023-09-12 22:04:40.114569,0,False
0,2023-09-12 22:05:11.332869,0,False
0,2023-09-12 22:05:42.552673,0,False
0,2023-09-12 22:06:13.773785,0,False
0,2023-09-12 22:06:44.994642,0,False
0,2023-09-12 22:07:16.216412,0,False
0,2023-09-12 22:07:47.437498,0,False
0,2023-09-12 22:08:18.656545,0,False
0,2023-09-12 22:08:49.876071,0,False
0,2023-09-12 22:09:21.093538,0,False
0,2023-09-12 22:09:52.311512,0,False
0,2023-09-12 22:10:23.527596,0,False
0,2023-09-12 22:10:54.744496,0,False
0,2023-09-12 22:11:25.962353,0,False
0,2023-09-12 22:11:57.182558,0,False
0,2023-09-12 22:12:28.403761,0,False
0,2023-09-12 22:12:59.622757,0,False
0,2023-09-12 22:13:30.841488,0,False
0,2023-09-12 22:14:02.056314,0,False
0,2023-09-12 22:14:33.271816,0,False
0,2023-09-12 22:15:04.486679,0,False
0,2023-09-12 22:15:35.701470,0,False
0,2023-09-12 22:16:06.915485,0,False
0,2023-09-12 22:16:38.133441,0,False
0,2023-09-12 22:17:09.352351,0,False
0,2023-09-12 22:17:40.572972,0,False
0,2023-09-12 22:18:11.792527,0,False
0,2023-09-12 22:18:43.013213,0,False
0,2023-09-12 22:19:14.233534,0,False
0,2023-09-12 22:19:45.450713,0,False
0,2023-09-12 22:20:16.665021,0,False
0,2023-09-12 22:20:47.876880,0,False
0,2023-09-12 22:21:19.089724,0,False
0,2023-09-12 22:21:50.302151,0,False
0,2023-09-12 22:22:21.515126,0,False
0,2023-09-12 22:22:52.729856,0,False
0,2023-09-12 22:23:23.944256,0,False
0,2023-09-12 22:23:55.158113,0,False
0,2023-09-12 22:24:26.375698,0,False
0,2023-09-12 22:24:57.591283,0,False
0,2023-09-12 22:25:28.811171,0,False
0,2023-09-12 22:26:00.031095,0,False
0,2023-09-12 22:26:31.252011,0,False
0,2023-09-12 22:27:02.468706,0,False
0,2023-09-12 22:27:33.685048,0,False
0,2023-09-12 22:28:04.903714,0,False
0,2023-09-12 22:28:36.120297,0,False
0,2023-09-12 22:29:07.340606,0,False
0,2023-09-12 22:29:38.553145,0,False
0,2023-09-12 22:30:09.769344,0,False
0,2023-09-12 22:30:40.985644,0,False
0,2023-09-12 22:31:12.206735,0,False
0,2023-09-12 22:31:43.428542,0,False
0,2023-09-12 22:32:14.648412,0,False
0,2023-09-12 22:32:45.867351,0,False
0,2023-09-12 22:33:17.086968,0,False
0,2023-09-12 22:33:48.301887,0,False
0,2023-09-12 22:34:19.516628,0,False
0,2023-09-12 22:34:50.730964,0,False
0,2023-09-12 22:35:21.944795,0,False
0,2023-09-12 22:35:53.156565,0,False
0,2023-09-12 22:36:24.369340,0,False
0,2023-09-12 22:36:55.580152,0,False
0,2023-09-12 22:37:26.790844,0,False
0,2023-09-12 22:37:58.003793,0,False
0,2023-09-12 22:38:29.214672,0,False
0,2023-09-12 22:39:00.428534,0,False
0,2023-09-12 22:39:31.642393,0,False
0,2023-09-12 22:40:02.853878,0,False
0,2023-09-12 22:40:34.066549,0,False
0,2023-09-12 22:41:05.282034,0,False
0,2023-09-12 22:41:36.499023,0,False
0,2023-09-12 22:42:07.715032,0,False
0,2023-09-12 22:42:38.930979,0,False
0,2023-09-12 22:43:10.147741,0,False
0,2023-09-12 22:43:41.365060,0,False
0,2023-09-12 22:44:12.580195,0,False
0,2023-09-12 22:44:43.796084,0,False
0,2023-09-12 22:45:15.009478,0,False
0,2023-09-12 22:45:46.223185,0,False
0,2023-09-12 22:46:17.436624,0,False
0,2023-09-12 22:46:48.649644,0,False
0,2023-09-12 22:47:19.864229,0,False
0,2023-09-12 22:47:51.078376,0,False
0,2023-09-12 22:48:22.293034,0,False
0,2023-09-12 22:48:53.506696,0,False
0,2023-09-12 22:49:24.718052,0,False
0,2023-09-12 22:49:55.930737,0,False
0,2023-09-12 22:50:27.141115,0,False
0,2023-09-12 22:50:58.357330,0,False
0,2023-09-12 22:51:29.571557,0,False
0,2023-09-12 22:52:00.786797,0,False
0,2023-09-12 22:52:32.002494,0,False
0,2023-09-12 22:53:03.218112,0,False
0,2023-09-12 22:53:34.433542,0,False
0,2023-09-12 22:54:05.649517,0,False
0,2023-09-12 22:54:36.866051,0,False
0,2023-09-12 22:55:08.085468,0,False
0,2023-09-12 22:55:39.298920,0,False
0,2023-09-12 22:56:10.515037,0,False
0,2023-09-12 22:56:41.730883,0,False
0,2023-09-12 22:57:12.944449,0,False
0,2023-09-12 22:57:44.158453,0,False
0,2023-09-12 22:58:15.372458,0,False
0,2023-09-12 22:58:46.591236,0,False
0,2023-09-12 22:59:17.808642,0,False
0,2023-09-12 22:59:49.024332,0,False
0,2023-09-12 23:00:20.239303,0,False
0,2023-09-12 23:00:51.454159,0,False
0,2023-09-12 23:01:22.670801,0,False
0,2023-09-12 23:01:53.886203,0,False
0,2023-09-12 23:02:25.101287,0,False
0,2023-09-12 23:02:56.317026,0,False
0,2023-09-12 23:03:27.533345,0,False
0,2023-09-12 23:03:58.751349,0,False
0,2023-09-12 23:04:29.967024,0,False
0,2023-09-12 23:05:01.186935,0,False
0,2023-09-12 23:05:32.408693,0,False
0,2023-09-12 23:06:03.629035,0,False
0,2023-09-12 23:06:34.849009,0,False
0,2023-09-12 23:07:06.065776,0,False
0,2023-09-12 23:07:37.288924,0,False
0,2023-09-12 23:08:08.504290,0,False
0,2023-09-12 23:08:39.722636,0,False
0,2023-09-12 23:09:10.940543,0,False
0,2023-09-12 23:09:42.158851,0,False
0,2023-09-12 23:10:13.377470,0,False
0,2023-09-12 23:10:44.595605,0,False
0,2023-09-12 23:11:15.816005,0,False
0,2023-09-12 23:11:47.037588,0,False
0,2023-09-12 23:12:18.257430,0,False
0,2023-09-12 23:12:49.475070,0,False
0,2023-09-12 23:13:20.693241,0,False
0,2023-09-12 23:13:51.913368,0,False
0,2023-09-12 23:14:23.134620,0,False
0,2023-09-12 23:14:54.355846,0,False
0,2023-09-12 23:15:25.575855,0,False
0,2023-09-12 23:15:56.795272,0,False
0,2023-09-12 23:16:28.014847,0,False
0,2023-09-12 23:16:59.234545,0,False
0,2023-09-12 23:17:30.452961,0,False
0,2023-09-12 23:18:01.671992,0,False
0,2023-09-12 23:18:32.892139,0,False
0,2023-09-12 23:19:04.110075,0,False
0,2023-09-12 23:19:35.327650,0,False
0,2023-09-12 23:20:06.547141,0,False
0,2023-09-12 23:20:37.767945,0,False
0,2023-09-12 23:21:08.991033,0,False
0,2023-09-12 23:21:40.209856,0,False
0,2023-09-12 23:22:11.430416,0,False
0,2023-09-12 23:22:42.646406,0,False
0,2023-09-12 23:23:13.865224,0,False
0,2023-09-12 23:23:45.079291,0,False
0,2023-09-12 23:24:16.294584,0,False
0,2023-09-12 23:24:47.506173,0,False
0,2023-09-12 23:25:18.720588,0,False
0,2023-09-12 23:25:49.935704,0,False
0,2023-09-12 23:26:21.151746,0,False
0,2023-09-12 23:26:52.365302,0,False
0,2023-09-12 23:27:23.578291,0,False
0,2023-09-12 23:27:54.794461,0,False
0,2023-09-12 23:28:26.007185,0,False
0,2023-09-12 23:28:57.215012,0,False
0,2023-09-12 23:29:28.425528,0,False
0,2023-09-12 23:29:59.639355,0,False
0,2023-09-12 23:30:30.851149,0,False
0,2023-09-12 23:31:02.059669,0,False
0,2023-09-12 23:31:33.264940,0,False
0,2023-09-12 23:32:04.471940,0,False
0,2023-09-12 23:32:35.680916,0,False
0,2023-09-12 23:33:06.886200,0,False
0,2023-09-12 23:33:38.092599,0,False
0,2023-09-12 23:34:09.301624,0,False
0,2023-09-12 23:34:40.510415,0,False
0,2023-09-12 23:35:11.719681,0,False
0,2023-09-12 23:35:42.928671,0,False
0,2023-09-12 23:36:14.141156,0,False
0,2023-09-12 23:36:45.354436,0,False
0,2023-09-12 23:37:16.566680,0,False
0,2023-09-12 23:37:47.778794,0,False
0,2023-09-12 23:38:18.991428,0,False
0,2023-09-12 23:38:50.208531,0,False
0,2023-09-12 23:39:21.422184,0,False
0,2023-09-12 23:39:52.634489,0,False
0,2023-09-12 23:40:23.846928,0,False
0,2023-09-12 23:40:55.060035,0,False
0,2023-09-12 23:41:26.272579,0,False
0,2023-09-12 23:41:57.488007,0,False
0,2023-09-12 23:42:28.703015,0,False
0,2023-09-12 23:42:59.915934,0,False
0,2023-09-12 23:43:31.129079,0,False
0,2023-09-12 23:44:02.338488,0,False
0,2023-09-12 23:44:33.550077,0,False
0,2023-09-12 23:45:04.762692,0,False
0,2023-09-12 23:45:35.975253,0,False
0,2023-09-12 23:46:07.188869,0,False
0,2023-09-12 23:46:38.402120,0,False
0,2023-09-12 23:47:09.616510,0,False
0,2023-09-12 23:47:40.827829,0,False
0,2023-09-12 23:48:12.039657,0,False
0,2023-09-12 23:48:43.249988,0,False
0,2023-09-12 23:49:14.460473,0,False
0,2023-09-12 23:49:45.672701,0,False
0,2023-09-12 23:50:16.885123,0,False
0,2023-09-12 23:50:48.094563,0,False
0,2023-09-12 23:51:19.303021,0,False
0,2023-09-12 23:51:50.514316,0,False
0,2023-09-12 23:52:21.729358,0,False
0,2023-09-12 23:52:52.942683,0,False
0,2023-09-12 23:53:24.157456,0,False
0,2023-09-12 23:53:55.372945,0,False
0,2023-09-12 23:54:26.585355,0,False
0,2023-09-12 23:54:57.795971,0,False
0,2023-09-12 23:55:29.008331,0,False
0,2023-09-12 23:56:00.219157,0,False
0,2023-09-12 23:56:31.431123,0,False
0,2023-09-12 23:57:02.641126,0,False
0,2023-09-12 23:57:33.850480,0,False
0,2023-09-12 23:58:05.060935,0,False
0,2023-09-12 23:58:36.270120,0,False
0,2023-09-12 23:59:07.477579,0,False
0,2023-09-12 23:59:38.685972,0,False
0,2023-09-13 00:00:09.897886,0,False
0,2023-09-13 00:00:41.110577,0,False
0,2023-09-13 00:01:12.322051,0,False
0,2023-09-13 00:01:43.534829,0,False
0,2023-09-13 00:02:14.746223,0,False
0,2023-09-13 00:02:45.954328,0,False
0,2023-09-13 00:03:17.163454,0,False
0,2023-09-13 00:03:48.372353,0,False
0,2023-09-13 00:04:19.584440,0,False
0,2023-09-13 00:04:50.799024,0,False
0,2023-09-13 00:05:22.014042,0,False
0,2023-09-13 00:05:53.224543,0,False
0,2023-09-13 00:06:24.438275,0,False
0,2023-09-13 00:06:55.649630,0,False
0,2023-09-13 00:07:26.861707,0,False
0,2023-09-13 00:07:58.072046,0,False
0,2023-09-13 00:08:29.281533,0,False
0,2023-09-13 00:09:00.491721,0,False
0,2023-09-13 00:09:31.700131,0,False
0,2023-09-13 00:10:02.909932,0,False
0,2023-09-13 00:10:34.117737,0,False
0,2023-09-13 00:11:05.328722,0,False
0,2023-09-13 00:11:36.538665,0,False
0,2023-09-13 00:12:07.747675,0,False
0,2023-09-13 00:12:38.957727,0,False
0,2023-09-13 00:13:10.167471,0,False
0,2023-09-13 00:13:41.377158,0,False
0,2023-09-13 00:14:12.588742,0,False
0,2023-09-13 00:14:43.799956,0,False
0,2023-09-13 00:15:15.010893,0,False
0,2023-09-13 00:15:46.221497,0,False
0,2023-09-13 00:16:17.434210,0,False
0,2023-09-13 00:16:48.647570,0,False
0,2023-09-13 00:17:19.861464,0,False
0,2023-09-13 00:17:51.073838,0,False
0,2023-09-13 00:18:22.286492,0,False
0,2023-09-13 00:18:53.498627,0,False
0,2023-09-13 00:19:24.711275,0,False
0,2023-09-13 00:19:55.924464,0,False
0,2023-09-13 00:20:27.137541,0,False
0,2023-09-13 00:20:58.351755,0,False
0,2023-09-13 00:21:29.562116,0,False
0,2023-09-13 00:22:00.772508,0,False
0,2023-09-13 00:22:31.984829,0,False
0,2023-09-13 00:23:03.199451,0,False
0,2023-09-13 00:23:34.412341,0,False
0,2023-09-13 00:24:05.623159,0,False
0,2023-09-13 00:24:36.835185,0,False
0,2023-09-13 00:25:08.045005,0,False
0,2023-09-13 00:25:39.255981,0,False
0,2023-09-13 00:26:10.468584,0,False
0,2023-09-13 00:26:41.681776,0,False
0,2023-09-13 00:27:12.894709,0,False
0,2023-09-13 00:27:44.109501,0,False
0,2023-09-13 00:28:15.324623,0,False
0,2023-09-13 00:28:46.540291,0,False
0,2023-09-13 00:29:17.758195,0,False
0,2023-09-13 00:29:48.974006,0,False
0,2023-09-13 00:30:20.188070,0,False
0,2023-09-13 00:30:51.403280,0,False
0,2023-09-13 00:31:22.616273,0,False
0,2023-09-13 00:31:53.828008,0,False
0,2023-09-13 00:32:25.039680,0,False
0,2023-09-13 00:32:56.251162,0,False
0,2023-09-13 00:33:27.464619,0,False
0,2023-09-13 00:33:58.678140,0,False
0,2023-09-13 00:34:29.888912,0,False
0,2023-09-13 00:35:01.099742,0,False
0,2023-09-13 00:35:32.308616,0,False
0,2023-09-13 00:36:03.519445,0,False
0,2023-09-13 00:36:34.732346,0,False
0,2023-09-13 00:37:05.945865,0,False
0,2023-09-13 00:37:37.159113,0,False
0,2023-09-13 00:38:08.373276,0,False
0,2023-09-13 00:38:39.580189,0,False
0,2023-09-13 00:39:10.789015,0,False
0,2023-09-13 00:39:42.001173,0,False
0,2023-09-13 00:40:13.213694,0,False
0,2023-09-13 00:40:44.428232,0,False
0,2023-09-13 00:41:15.644334,0,False
0,2023-09-13 00:41:46.858135,0,False
0,2023-09-13 00:42:18.070584,0,False
0,2023-09-13 00:42:49.283341,0,False
0,2023-09-13 00:43:20.493969,0,False
0,2023-09-13 00:43:51.705639,0,False
0,2023-09-13 00:44:22.916746,0,False
0,2023-09-13 00:44:54.127724,0,False
0,2023-09-13 00:45:25.338026,0,False
0,2023-09-13 00:45:56.547640,0,False
0,2023-09-13 00:46:27.761217,0,False
0,2023-09-13 00:46:58.974531,0,False
0,2023-09-13 00:47:30.185606,0,False
0,2023-09-13 00:48:01.394693,0,False
0,2023-09-13 00:48:32.604437,0,False
0,2023-09-13 00:49:03.815678,0,False
0,2023-09-13 00:49:35.029182,0,False
0,2023-09-13 00:50:06.240194,0,False
0,2023-09-13 00:50:37.453568,0,False
0,2023-09-13 00:51:08.668634,0,False
0,2023-09-13 00:51:39.884456,0,False
0,2023-09-13 00:52:11.098762,0,False
0,2023-09-13 00:52:42.314224,0,False
0,2023-09-13 00:53:13.529111,0,False
0,2023-09-13 00:53:44.743899,0,False
0,2023-09-13 00:54:15.958977,0,False
0,2023-09-13 00:54:47.174605,0,False
0,2023-09-13 00:55:18.389848,0,False
0,2023-09-13 00:55:49.604472,0,False
0,2023-09-13 00:56:20.818632,0,False
0,2023-09-13 00:56:52.031163,0,False
0,2023-09-13 00:57:23.243151,0,False
0,2023-09-13 00:57:54.454216,0,False
0,2023-09-13 00:58:25.662889,0,False
0,2023-09-13 00:58:56.872064,0,False
0,2023-09-13 00:59:28.081115,0,False
0,2023-09-13 00:59:59.297485,0,False
0,2023-09-13 01:00:30.505347,0,False
0,2023-09-13 01:01:01.718484,0,False
0,2023-09-13 01:01:32.930941,0,False
0,2023-09-13 01:02:04.145401,0,False
0,2023-09-13 01:02:35.360745,0,False
0,2023-09-13 01:03:06.574875,0,False
0,2023-09-13 01:03:37.789240,0,False
0,2023-09-13 01:04:09.002992,0,False
0,2023-09-13 01:04:40.213799,0,False
0,2023-09-13 01:05:11.426083,0,False
0,2023-09-13 01:05:42.638906,0,False
0,2023-09-13 01:06:13.854423,0,False
0,2023-09-13 01:06:45.069919,0,False
0,2023-09-13 01:07:16.284631,0,False
0,2023-09-13 01:07:47.497323,0,False
0,2023-09-13 01:08:18.710975,0,False
0,2023-09-13 01:08:49.925798,0,False
0,2023-09-13 01:09:21.140653,0,False
0,2023-09-13 01:09:52.356823,0,False
0,2023-09-13 01:10:23.573281,0,False
0,2023-09-13 01:10:54.790060,0,False
0,2023-09-13 01:11:26.007260,0,False
0,2023-09-13 01:11:57.223725,0,False
0,2023-09-13 01:12:28.439722,0,False
0,2023-09-13 01:12:59.652160,0,False
0,2023-09-13 01:13:30.863967,0,False
0,2023-09-13 01:14:02.078343,0,False
0,2023-09-13 01:14:33.292071,0,False
0,2023-09-13 01:15:04.503744,0,False
0,2023-09-13 01:15:35.716964,0,False
0,2023-09-13 01:16:06.930773,0,False
0,2023-09-13 01:16:38.144600,0,False
0,2023-09-13 01:17:09.361157,0,False
0,2023-09-13 01:17:40.576908,0,False
0,2023-09-13 01:18:11.792639,0,False
0,2023-09-13 01:18:43.006699,0,False
0,2023-09-13 01:19:14.219842,0,False
0,2023-09-13 01:19:45.434812,0,False
0,2023-09-13 01:20:16.649001,0,False
0,2023-09-13 01:20:47.862620,0,False
0,2023-09-13 01:21:19.077059,0,False
0,2023-09-13 01:21:50.291103,0,False
0,2023-09-13 01:22:21.503793,0,False
0,2023-09-13 01:22:52.720386,0,False
0,2023-09-13 01:23:23.935785,0,False
0,2023-09-13 01:23:55.147830,0,False
0,2023-09-13 01:24:26.363458,0,False
0,2023-09-13 01:24:57.575775,0,False
0,2023-09-13 01:25:28.792567,0,False
0,2023-09-13 01:26:00.007644,0,False
0,2023-09-13 01:26:31.222714,0,False
0,2023-09-13 01:27:02.438989,0,False
0,2023-09-13 01:27:33.654678,0,False
0,2023-09-13 01:28:04.863802,0,False
0,2023-09-13 01:28:36.073114,0,False
0,2023-09-13 01:29:07.285578,0,False
0,2023-09-13 01:29:38.499642,0,False
0,2023-09-13 01:30:09.713890,0,False
0,2023-09-13 01:30:40.929005,0,False
0,2023-09-13 01:31:12.143801,0,False
0,2023-09-13 01:31:43.358212,0,False
0,2023-09-13 01:32:14.574505,0,False
0,2023-09-13 01:32:45.788728,0,False
0,2023-09-13 01:33:17.005084,0,False
0,2023-09-13 01:33:48.219356,0,False
0,2023-09-13 01:34:19.433096,0,False
0,2023-09-13 01:34:50.650880,0,False
0,2023-09-13 01:35:21.868765,0,False
0,2023-09-13 01:35:53.083515,0,False
0,2023-09-13 01:36:24.298991,0,False
0,2023-09-13 01:36:55.512769,0,False
0,2023-09-13 01:37:26.725685,0,False
0,2023-09-13 01:37:57.938382,0,False
0,2023-09-13 01:38:29.152106,0,False
0,2023-09-13 01:39:00.365524,0,False
0,2023-09-13 01:39:31.579235,0,False
0,2023-09-13 01:40:02.790500,0,False
0,2023-09-13 01:40:34.001061,0,False
0,2023-09-13 01:41:05.211605,0,False
0,2023-09-13 01:41:36.423794,0,False
0,2023-09-13 01:42:07.635800,0,False
0,2023-09-13 01:42:38.847425,0,False
0,2023-09-13 01:43:10.060282,0,False
0,2023-09-13 01:43:41.269905,0,False
0,2023-09-13 01:44:12.480012,0,False
0,2023-09-13 01:44:43.692791,0,False
0,2023-09-13 01:45:14.904097,0,False
0,2023-09-13 01:45:46.116979,0,False
0,2023-09-13 01:46:17.330519,0,False
0,2023-09-13 01:46:48.544711,0,False
0,2023-09-13 01:47:19.756178,0,False
0,2023-09-13 01:47:50.969718,0,False
0,2023-09-13 01:48:22.184086,0,False
0,2023-09-13 01:48:53.399052,0,False
0,2023-09-13 01:49:24.615241,0,False
0,2023-09-13 01:49:55.831933,0,False
0,2023-09-13 01:50:27.047838,0,False
0,2023-09-13 01:50:58.263648,0,False
0,2023-09-13 01:51:29.478862,0,False
0,2023-09-13 01:52:00.694979,0,False
0,2023-09-13 01:52:31.908673,0,False
0,2023-09-13 01:53:03.121178,0,False
0,2023-09-13 01:53:34.338041,0,False
0,2023-09-13 01:54:05.557054,0,False
0,2023-09-13 01:54:36.777394,0,False
0,2023-09-13 01:55:07.996334,0,False
0,2023-09-13 01:55:39.215059,0,False
0,2023-09-13 01:56:10.432482,0,False
0,2023-09-13 01:56:41.647585,0,False
0,2023-09-13 01:57:12.865353,0,False
0,2023-09-13 01:57:44.082836,0,False
0,2023-09-13 01:58:15.302334,0,False
0,2023-09-13 01:58:46.519099,0,False
0,2023-09-13 01:59:17.731225,0,False
0,2023-09-13 01:59:48.946347,0,False
0,2023-09-13 02:00:20.161649,0,False
0,2023-09-13 02:00:51.375696,0,False
0,2023-09-13 02:01:22.591501,0,False
0,2023-09-13 02:01:53.807967,0,False
0,2023-09-13 02:02:25.028823,0,False
0,2023-09-13 02:02:56.247962,0,False
0,2023-09-13 02:03:27.465934,0,False
0,2023-09-13 02:03:58.683254,0,False
0,2023-09-13 02:04:29.898813,0,False
0,2023-09-13 02:05:01.116324,0,False
0,2023-09-13 02:05:32.333599,0,False
0,2023-09-13 02:06:03.551387,0,False
0,2023-09-13 02:06:34.768677,0,False
0,2023-09-13 02:07:05.984079,0,False
0,2023-09-13 02:07:37.200278,0,False
0,2023-09-13 02:08:08.417414,0,False
0,2023-09-13 02:08:39.638041,0,False
0,2023-09-13 02:09:10.858321,0,False
0,2023-09-13 02:09:42.075978,0,False
0,2023-09-13 02:10:13.289908,0,False
0,2023-09-13 02:10:44.502803,0,False
0,2023-09-13 02:11:15.717069,0,False
0,2023-09-13 02:11:46.929328,0,False
0,2023-09-13 02:12:18.143077,0,False
0,2023-09-13 02:12:49.358966,0,False
0,2023-09-13 02:13:20.575620,0,False
0,2023-09-13 02:13:51.790453,0,False
0,2023-09-13 02:14:23.000888,0,False
0,2023-09-13 02:14:54.212832,0,False
0,2023-09-13 02:15:25.423814,0,False
0,2023-09-13 02:15:56.635361,0,False
0,2023-09-13 02:16:27.846071,0,False
0,2023-09-13 02:16:59.058727,0,False
0,2023-09-13 02:17:30.271485,0,False
0,2023-09-13 02:18:01.484718,0,False
0,2023-09-13 02:18:32.698491,0,False
0,2023-09-13 02:19:03.913774,0,False
0,2023-09-13 02:19:35.128332,0,False
0,2023-09-13 02:20:06.342626,0,False
0,2023-09-13 02:20:37.556583,0,False
0,2023-09-13 02:21:08.771884,0,False
0,2023-09-13 02:21:39.984335,0,False
0,2023-09-13 02:22:11.197136,0,False
0,2023-09-13 02:22:42.410891,0,False
0,2023-09-13 02:23:13.624097,0,False
0,2023-09-13 02:23:44.834256,0,False
0,2023-09-13 02:24:16.044436,0,False
0,2023-09-13 02:24:47.257963,0,False
0,2023-09-13 02:25:18.472776,0,False
0,2023-09-13 02:25:49.685252,0,False
0,2023-09-13 02:26:20.899476,0,False
0,2023-09-13 02:26:52.113148,0,False
0,2023-09-13 02:27:23.327395,0,False
0,2023-09-13 02:27:54.541271,0,False
0,2023-09-13 02:28:25.757113,0,False
0,2023-09-13 02:28:56.973729,0,False
0,2023-09-13 02:29:28.191437,0,False
0,2023-09-13 02:29:59.409104,0,False
0,2023-09-13 02:30:30.628376,0,False
0,2023-09-13 02:31:01.847315,0,False
0,2023-09-13 02:31:33.063161,0,False
0,2023-09-13 02:32:04.281148,0,False
0,2023-09-13 02:32:35.500893,0,False
0,2023-09-13 02:33:06.720372,0,False
0,2023-09-13 02:33:37.941624,0,False
0,2023-09-13 02:34:09.161053,0,False
0,2023-09-13 02:34:40.383816,0,False
0,2023-09-13 02:35:11.605831,0,False
0,2023-09-13 02:35:42.826663,0,False
0,2023-09-13 02:36:14.046436,0,False
0,2023-09-13 02:36:45.265005,0,False
0,2023-09-13 02:37:16.483792,0,False
0,2023-09-13 02:37:47.700373,0,False
0,2023-09-13 02:38:18.916148,0,False
0,2023-09-13 02:38:50.130924,0,False
0,2023-09-13 02:39:21.346169,0,False
0,2023-09-13 02:39:52.562999,0,False
0,2023-09-13 02:40:23.780727,0,False
0,2023-09-13 02:40:54.996802,0,False
0,2023-09-13 02:41:26.213062,0,False
0,2023-09-13 02:41:57.429192,0,False
0,2023-09-13 02:42:28.645166,0,False
0,2023-09-13 02:42:59.862508,0,False
0,2023-09-13 02:43:31.076564,0,False
0,2023-09-13 02:44:02.291777,0,False
0,2023-09-13 02:44:33.504184,0,False
0,2023-09-13 02:45:04.716027,0,False
0,2023-09-13 02:45:35.928466,0,False
0,2023-09-13 02:46:07.142750,0,False
0,2023-09-13 02:46:38.358576,0,False
0,2023-09-13 02:47:09.575430,0,False
0,2023-09-13 02:47:40.791896,0,False
0,2023-09-13 02:48:12.004441,0,False
0,2023-09-13 02:48:43.215830,0,False
0,2023-09-13 02:49:14.428050,0,False
0,2023-09-13 02:49:45.642196,0,False
0,2023-09-13 02:50:16.857866,0,False
0,2023-09-13 02:50:48.071514,0,False
0,2023-09-13 02:51:19.286030,0,False
0,2023-09-13 02:51:50.497242,0,False
0,2023-09-13 02:52:21.709884,0,False
0,2023-09-13 02:52:52.924277,0,False
0,2023-09-13 02:53:24.138773,0,False
0,2023-09-13 02:53:55.350175,0,False
0,2023-09-13 02:54:26.561904,0,False
0,2023-09-13 02:54:57.771606,0,False
0,2023-09-13 02:55:28.982787,0,False
0,2023-09-13 02:56:00.196736,0,False
0,2023-09-13 02:56:31.407135,0,False
0,2023-09-13 02:57:02.616310,0,False
0,2023-09-13 02:57:33.827205,0,False
0,2023-09-13 02:58:05.036035,0,False
0,2023-09-13 02:58:36.248586,0,False
0,2023-09-13 02:59:07.456604,0,False
0,2023-09-13 02:59:38.664879,0,False
0,2023-09-13 03:00:09.872662,0,False
0,2023-09-13 03:00:41.080580,0,False
0,2023-09-13 03:01:12.292521,0,False
0,2023-09-13 03:01:43.506185,0,False
0,2023-09-13 03:02:14.722743,0,False
0,2023-09-13 03:02:45.935074,0,False
0,2023-09-13 03:03:17.148262,0,False
0,2023-09-13 03:03:48.358114,0,False
0,2023-09-13 03:04:19.568616,0,False
0,2023-09-13 03:04:50.782609,0,False
0,2023-09-13 03:05:21.990702,0,False
0,2023-09-13 03:05:53.201140,0,False
0,2023-09-13 03:06:24.413936,0,False
0,2023-09-13 03:06:55.628029,0,False
0,2023-09-13 03:07:26.839198,0,False
0,2023-09-13 03:07:58.049691,0,False
0,2023-09-13 03:08:29.260458,0,False
0,2023-09-13 03:09:00.476459,0,False
0,2023-09-13 03:09:31.693221,0,False
0,2023-09-13 03:10:02.906709,0,False
0,2023-09-13 03:10:34.121316,0,False
0,2023-09-13 03:11:05.333767,0,False
0,2023-09-13 03:11:36.547476,0,False
0,2023-09-13 03:12:07.760904,0,False
0,2023-09-13 03:12:38.972757,0,False
0,2023-09-13 03:13:10.184101,0,False
0,2023-09-13 03:13:41.396718,0,False
0,2023-09-13 03:14:12.614269,0,False
0,2023-09-13 03:14:43.829204,0,False
0,2023-09-13 03:15:15.045567,0,False
0,2023-09-13 03:15:46.261237,0,False
0,2023-09-13 03:16:17.477106,0,False
0,2023-09-13 03:16:48.694897,0,False
0,2023-09-13 03:17:19.911720,0,False
0,2023-09-13 03:17:51.127688,0,False
0,2023-09-13 03:18:22.344925,0,False
0,2023-09-13 03:18:53.561280,0,False
0,2023-09-13 03:19:24.776095,0,False
0,2023-09-13 03:19:55.991941,0,False
0,2023-09-13 03:20:27.205753,0,False
0,2023-09-13 03:20:58.423203,0,False
0,2023-09-13 03:21:29.639099,0,False
0,2023-09-13 03:22:00.853681,0,False
0,2023-09-13 03:22:32.066957,0,False
0,2023-09-13 03:23:03.278507,0,False
0,2023-09-13 03:23:34.493254,0,False
0,2023-09-13 03:24:05.708765,0,False
0,2023-09-13 03:24:36.922975,0,False
0,2023-09-13 03:25:08.136675,0,False
0,2023-09-13 03:25:39.349147,0,False
0,2023-09-13 03:26:10.563240,0,False
0,2023-09-13 03:26:41.777539,0,False
0,2023-09-13 03:27:12.992556,0,False
0,2023-09-13 03:27:44.208515,0,False
0,2023-09-13 03:28:15.421440,0,False
0,2023-09-13 03:28:46.633269,0,False
0,2023-09-13 03:29:17.843776,0,False
0,2023-09-13 03:29:49.054305,0,False
0,2023-09-13 03:30:20.266118,0,False
0,2023-09-13 03:30:51.477298,0,False
0,2023-09-13 03:31:22.690675,0,False
0,2023-09-13 03:31:53.904520,0,False
0,2023-09-13 03:32:25.117514,0,False
0,2023-09-13 03:32:56.332156,0,False
0,2023-09-13 03:33:27.544815,0,False
0,2023-09-13 03:33:58.758689,0,False
0,2023-09-13 03:34:29.973115,0,False
0,2023-09-13 03:35:01.185108,0,False
0,2023-09-13 03:35:32.399452,0,False
0,2023-09-13 03:36:03.614718,0,False
0,2023-09-13 03:36:34.830412,0,False
0,2023-09-13 03:37:06.045540,0,False
0,2023-09-13 03:37:37.263483,0,False
0,2023-09-13 03:38:08.480886,0,False
0,2023-09-13 03:38:39.696889,0,False
0,2023-09-13 03:39:10.912442,0,False
0,2023-09-13 03:39:42.124455,0,False
0,2023-09-13 03:40:13.336532,0,False
0,2023-09-13 03:40:44.546986,0,False
0,2023-09-13 03:41:15.759077,0,False
0,2023-09-13 03:41:46.972863,0,False
0,2023-09-13 03:42:18.189955,0,False
0,2023-09-13 03:42:49.403647,0,False
0,2023-09-13 03:43:20.620096,0,False
0,2023-09-13 03:43:51.836606,0,False
0,2023-09-13 03:44:23.054439,0,False
0,2023-09-13 03:44:54.272540,0,False
0,2023-09-13 03:45:25.491428,0,False
0,2023-09-13 03:45:56.709535,0,False
0,2023-09-13 03:46:27.928093,0,False
0,2023-09-13 03:46:59.148795,0,False
0,2023-09-13 03:47:30.368045,0,False
0,2023-09-13 03:48:01.586680,0,False
0,2023-09-13 03:48:32.803377,0,False
0,2023-09-13 03:49:04.018880,0,False
0,2023-09-13 03:49:35.232188,0,False
0,2023-09-13 03:50:06.442553,0,False
0,2023-09-13 03:50:37.654575,0,False
0,2023-09-13 03:51:08.866046,0,False
0,2023-09-13 03:51:40.078693,0,False
0,2023-09-13 03:52:11.293401,0,False
0,2023-09-13 03:52:42.507455,0,False
0,2023-09-13 03:53:13.722328,0,False
0,2023-09-13 03:53:44.934659,0,False
0,2023-09-13 03:54:16.148716,0,False
0,2023-09-13 03:54:47.363186,0,False
0,2023-09-13 03:55:18.577878,0,False
0,2023-09-13 03:55:49.792385,0,False
0,2023-09-13 03:56:21.008637,0,False
0,2023-09-13 03:56:52.223275,0,False
0,2023-09-13 03:57:23.435874,0,False
0,2023-09-13 03:57:54.652811,0,False
0,2023-09-13 03:58:25.866380,0,False
0,2023-09-13 03:58:57.080874,0,False
0,2023-09-13 03:59:28.293535,0,False
0,2023-09-13 03:59:59.503265,0,False
0,2023-09-13 04:00:30.715239,0,False
0,2023-09-13 04:01:01.924324,0,False
0,2023-09-13 04:01:33.136229,0,False
0,2023-09-13 04:02:04.347926,0,False
0,2023-09-13 04:02:35.560312,0,False
0,2023-09-13 04:03:06.775482,0,False
0,2023-09-13 04:03:37.989652,0,False
0,2023-09-13 04:04:09.202207,0,False
0,2023-09-13 04:04:40.412727,0,False
0,2023-09-13 04:05:11.624375,0,False
0,2023-09-13 04:05:42.834678,0,False
0,2023-09-13 04:06:14.048206,0,False
0,2023-09-13 04:06:45.264258,0,False
0,2023-09-13 04:07:16.480823,0,False
0,2023-09-13 04:07:47.699168,0,False
0,2023-09-13 04:08:18.915478,0,False
0,2023-09-13 04:08:50.129506,0,False
0,2023-09-13 04:09:21.344093,0,False
0,2023-09-13 04:09:52.558337,0,False
0,2023-09-13 04:10:23.771674,0,False
0,2023-09-13 04:10:54.986616,0,False
0,2023-09-13 04:11:26.199498,0,False
0,2023-09-13 04:11:57.412592,0,False
0,2023-09-13 04:12:28.627719,0,False
0,2023-09-13 04:12:59.842882,0,False
0,2023-09-13 04:13:31.059339,0,False
0,2023-09-13 04:14:02.277890,0,False
0,2023-09-13 04:14:33.499749,0,False
0,2023-09-13 04:15:04.721806,0,False
0,2023-09-13 04:15:35.942383,0,False
0,2023-09-13 04:16:07.161805,0,False
0,2023-09-13 04:16:38.379944,0,False
0,2023-09-13 04:17:09.596518,0,False
0,2023-09-13 04:17:40.812873,0,False
0,2023-09-13 04:18:12.030395,0,False
0,2023-09-13 04:18:43.250686,0,False
0,2023-09-13 04:19:14.470190,0,False
0,2023-09-13 04:19:45.690876,0,False
0,2023-09-13 04:20:16.909025,0,False
0,2023-09-13 04:20:48.123110,0,False
0,2023-09-13 04:21:19.336080,0,False
0,2023-09-13 04:21:50.551834,0,False
0,2023-09-13 04:22:21.766714,0,False
0,2023-09-13 04:22:52.980300,0,False
0,2023-09-13 04:23:24.196962,0,False
0,2023-09-13 04:23:55.414279,0,False
0,2023-09-13 04:24:26.627968,0,False
0,2023-09-13 04:24:57.842203,0,False
0,2023-09-13 04:25:29.057348,0,False
0,2023-09-13 04:26:00.274624,0,False
0,2023-09-13 04:26:31.491482,0,False
0,2023-09-13 04:27:02.711238,0,False
0,2023-09-13 04:27:33.930173,0,False
0,2023-09-13 04:28:05.147429,0,False
0,2023-09-13 04:28:36.364872,0,False
0,2023-09-13 04:29:07.583704,0,False
0,2023-09-13 04:29:38.798915,0,False
0,2023-09-13 04:30:10.014549,0,False
0,2023-09-13 04:30:41.228080,0,False
0,2023-09-13 04:31:12.443619,0,False
0,2023-09-13 04:31:43.659202,0,False
0,2023-09-13 04:32:14.874081,0,False
0,2023-09-13 04:32:46.089114,0,False
0,2023-09-13 04:33:17.305815,0,False
0,2023-09-13 04:33:48.525004,0,False
0,2023-09-13 04:34:19.745830,0,False
0,2023-09-13 04:34:50.962242,0,False
0,2023-09-13 04:35:22.180621,0,False
0,2023-09-13 04:35:53.398861,0,False
0,2023-09-13 04:36:24.616715,0,False
0,2023-09-13 04:36:55.833816,0,False
0,2023-09-13 04:37:27.050710,0,False
0,2023-09-13 04:37:58.270276,0,False
0,2023-09-13 04:38:29.490108,0,False
0,2023-09-13 04:39:00.706813,0,False
0,2023-09-13 04:39:31.923846,0,False
0,2023-09-13 04:40:03.141174,0,False
0,2023-09-13 04:40:34.359771,0,False
0,2023-09-13 04:41:05.576294,0,False
0,2023-09-13 04:41:36.793591,0,False
0,2023-09-13 04:42:08.012141,0,False
0,2023-09-13 04:42:39.229790,0,False
0,2023-09-13 04:43:10.448392,0,False
0,2023-09-13 04:43:41.666906,0,False
0,2023-09-13 04:44:12.887394,0,False
0,2023-09-13 04:44:44.108695,0,False
0,2023-09-13 04:45:15.329434,0,False
0,2023-09-13 04:45:46.549179,0,False
0,2023-09-13 04:46:17.771125,0,False
0,2023-09-13 04:46:48.990325,0,False
0,2023-09-13 04:47:20.207501,0,False
0,2023-09-13 04:47:51.426036,0,False
0,2023-09-13 04:48:22.644551,0,False
0,2023-09-13 04:48:53.864245,0,False
0,2023-09-13 04:49:25.084815,0,False
0,2023-09-13 04:49:56.308667,0,False
0,2023-09-13 04:50:27.526916,0,False
0,2023-09-13 04:50:58.748296,0,False
0,2023-09-13 04:51:29.971596,0,False
0,2023-09-13 04:52:01.195266,0,False
0,2023-09-13 04:52:32.420156,0,False
0,2023-09-13 04:53:03.645438,0,False
0,2023-09-13 04:53:34.869986,0,False
0,2023-09-13 04:54:06.092991,0,False
0,2023-09-13 04:54:37.313677,0,False
0,2023-09-13 04:55:08.531994,0,False
0,2023-09-13 04:55:39.749455,0,False
0,2023-09-13 04:56:10.969887,0,False
0,2023-09-13 04:56:42.190308,0,False
0,2023-09-13 04:57:13.412071,0,False
0,2023-09-13 04:57:44.630983,0,False
0,2023-09-13 04:58:15.849870,0,False
0,2023-09-13 04:58:47.066765,0,False
0,2023-09-13 04:59:18.283072,0,False
0,2023-09-13 04:59:49.500546,0,False
0,2023-09-13 05:00:20.719130,0,False
0,2023-09-13 05:00:51.940209,0,False
0,2023-09-13 05:01:23.159387,0,False
0,2023-09-13 05:01:54.379057,0,False
0,2023-09-13 05:02:25.598904,0,False
0,2023-09-13 05:02:56.818227,0,False
0,2023-09-13 05:03:28.036967,0,False
0,2023-09-13 05:03:59.252420,0,False
0,2023-09-13 05:04:30.467198,0,False
0,2023-09-13 05:05:01.684697,0,False
0,2023-09-13 05:05:32.898805,0,False
0,2023-09-13 05:06:04.114713,0,False
0,2023-09-13 05:06:35.331266,0,False
0,2023-09-13 05:07:06.547842,0,False
0,2023-09-13 05:07:37.763628,0,False
0,2023-09-13 05:08:08.981550,0,False
0,2023-09-13 05:08:40.195984,0,False
0,2023-09-13 05:09:11.410667,0,False
0,2023-09-13 05:09:42.626573,0,False
0,2023-09-13 05:10:13.845579,0,False
0,2023-09-13 05:10:45.065435,0,False
0,2023-09-13 05:11:16.286708,0,False
0,2023-09-13 05:11:47.507806,0,False
0,2023-09-13 05:12:18.728711,0,False
0,2023-09-13 05:12:49.947960,0,False
0,2023-09-13 05:13:21.161410,0,False
0,2023-09-13 05:13:52.376659,0,False
0,2023-09-13 05:14:23.591956,0,False
0,2023-09-13 05:14:54.807255,0,False
0,2023-09-13 05:15:26.022772,0,False
0,2023-09-13 05:15:57.237412,0,False
0,2023-09-13 05:16:28.452984,0,False
0,2023-09-13 05:16:59.669660,0,False
0,2023-09-13 05:17:30.882765,0,False
0,2023-09-13 05:18:02.095665,0,False
0,2023-09-13 05:18:33.306965,0,False
0,2023-09-13 05:19:04.517708,0,False
0,2023-09-13 05:19:35.733826,0,False
0,2023-09-13 05:20:06.948991,0,False
0,2023-09-13 05:20:38.161480,0,False
0,2023-09-13 05:21:09.376457,0,False
0,2023-09-13 05:21:40.590953,0,False
0,2023-09-13 05:22:11.805682,0,False
0,2023-09-13 05:22:43.019631,0,False
0,2023-09-13 05:23:14.234885,0,False
0,2023-09-13 05:23:45.450271,0,False
0,2023-09-13 05:24:16.665211,0,False
0,2023-09-13 05:24:47.883001,0,False
0,2023-09-13 05:25:19.098653,0,False
0,2023-09-13 05:25:50.315818,0,False
0,2023-09-13 05:26:21.535295,0,False
0,2023-09-13 05:26:52.753510,0,False
0,2023-09-13 05:27:23.971363,0,False
0,2023-09-13 05:27:55.194410,0,False
0,2023-09-13 05:28:26.416294,0,False
0,2023-09-13 05:28:57.637374,0,False
0,2023-09-13 05:29:28.858663,0,False
0,2023-09-13 05:30:00.079499,0,False
0,2023-09-13 05:30:31.301919,0,False
0,2023-09-13 05:31:02.523794,0,False
0,2023-09-13 05:31:33.742127,0,False
0,2023-09-13 05:32:04.962243,0,False
0,2023-09-13 05:32:36.180695,0,False
0,2023-09-13 05:33:07.399633,0,False
0,2023-09-13 05:33:38.615435,0,False
0,2023-09-13 05:34:09.830755,0,False
0,2023-09-13 05:34:41.044532,0,False
0,2023-09-13 05:35:12.257687,0,False
0,2023-09-13 05:35:43.471619,0,False
0,2023-09-13 05:36:14.687856,0,False
0,2023-09-13 05:36:45.900816,0,False
0,2023-09-13 05:37:17.116333,0,False
0,2023-09-13 05:37:48.333822,0,False
0,2023-09-13 05:38:19.547197,0,False
0,2023-09-13 05:38:50.762396,0,False
0,2023-09-13 05:39:21.978837,0,False
0,2023-09-13 05:39:53.195619,0,False
0,2023-09-13 05:40:24.412605,0,False
0,2023-09-13 05:40:55.628579,0,False
0,2023-09-13 05:41:26.845448,0,False
0,2023-09-13 05:41:58.062349,0,False
0,2023-09-13 05:42:29.279263,0,False
0,2023-09-13 05:43:00.495481,0,False
0,2023-09-13 05:43:31.712287,0,False
0,2023-09-13 05:44:02.928766,0,False
0,2023-09-13 05:44:34.142997,0,False
0,2023-09-13 05:45:05.356722,0,False
0,2023-09-13 05:45:36.569888,0,False
0,2023-09-13 05:46:07.783776,0,False
0,2023-09-13 05:46:38.999061,0,False
0,2023-09-13 05:47:10.215201,0,False
0,2023-09-13 05:47:41.430208,0,False
0,2023-09-13 05:48:12.645043,0,False
0,2023-09-13 05:48:43.858046,0,False
0,2023-09-13 05:49:15.069337,0,False
0,2023-09-13 05:49:46.283148,0,False
0,2023-09-13 05:50:17.496201,0,False
0,2023-09-13 05:50:48.711455,0,False
0,2023-09-13 05:51:19.927049,0,False
0,2023-09-13 05:51:51.141629,0,False
0,2023-09-13 05:52:22.354038,0,False
0,2023-09-13 05:52:53.567221,0,False
0,2023-09-13 05:53:24.782694,0,False
0,2023-09-13 05:53:55.996597,0,False
0,2023-09-13 05:54:27.210685,0,False
0,2023-09-13 05:54:58.423239,0,False
0,2023-09-13 05:55:29.638137,0,False
0,2023-09-13 05:56:00.852530,0,False
0,2023-09-13 05:56:32.066326,0,False
0,2023-09-13 05:57:03.283721,0,False
0,2023-09-13 05:57:34.500287,0,False
0,2023-09-13 05:58:05.716876,0,False
0,2023-09-13 05:58:36.933584,0,False
0,2023-09-13 05:59:08.152078,0,False
0,2023-09-13 05:59:39.366722,0,False
0,2023-09-13 06:00:10.583659,0,False
0,2023-09-13 06:00:41.800127,0,False
0,2023-09-13 06:01:13.016343,0,False
0,2023-09-13 06:01:44.231661,0,False
0,2023-09-13 06:02:15.447271,0,False
0,2023-09-13 06:02:46.662527,0,False
0,2023-09-13 06:03:17.880523,0,False
0,2023-09-13 06:03:49.097462,0,False
0,2023-09-13 06:04:20.315803,0,False
0,2023-09-13 06:04:51.534447,0,False
0,2023-09-13 06:05:22.753584,0,False
0,2023-09-13 06:05:53.972126,0,False
0,2023-09-13 06:06:25.189308,0,False
0,2023-09-13 06:06:56.407187,0,False
0,2023-09-13 06:07:27.621850,0,False
0,2023-09-13 06:07:58.837215,0,False
0,2023-09-13 06:08:30.053933,0,False
0,2023-09-13 06:09:01.271442,0,False
0,2023-09-13 06:09:32.488159,0,False
0,2023-09-13 06:10:03.706832,0,False
0,2023-09-13 06:10:34.922370,0,False
0,2023-09-13 06:11:06.134842,0,False
0,2023-09-13 06:11:37.348360,0,False
0,2023-09-13 06:12:08.562415,0,False
0,2023-09-13 06:12:39.774370,0,False
0,2023-09-13 06:13:10.986688,0,False
0,2023-09-13 06:13:42.201864,0,False
0,2023-09-13 06:14:13.416260,0,False
0,2023-09-13 06:14:44.629532,0,False
0,2023-09-13 06:15:15.842083,0,False
0,2023-09-13 06:15:47.057445,0,False
0,2023-09-13 06:16:18.270217,0,False
0,2023-09-13 06:16:49.483315,0,False
0,2023-09-13 06:17:20.695163,0,False
0,2023-09-13 06:17:51.907945,0,False
0,2023-09-13 06:18:23.118934,0,False
0,2023-09-13 06:18:54.330957,0,False
0,2023-09-13 06:19:25.545087,0,False
0,2023-09-13 06:19:56.758634,0,False
0,2023-09-13 06:20:27.972609,0,False
0,2023-09-13 06:20:59.185355,0,False
0,2023-09-13 06:21:30.401747,0,False
0,2023-09-13 06:22:01.617732,0,False
0,2023-09-13 06:22:32.832845,0,False
0,2023-09-13 06:23:04.046805,0,False
0,2023-09-13 06:23:35.261158,0,False
0,2023-09-13 06:24:06.476067,0,False
0,2023-09-13 06:24:37.689863,0,False
0,2023-09-13 06:25:08.901266,0,False
0,2023-09-13 06:25:40.111677,0,False
0,2023-09-13 06:26:11.320591,0,False
0,2023-09-13 06:26:42.529127,0,False
0,2023-09-13 06:27:13.741976,0,False
0,2023-09-13 06:27:44.954567,0,False
0,2023-09-13 06:28:16.165112,0,False
0,2023-09-13 06:28:47.373222,0,False
0,2023-09-13 06:29:18.581451,0,False
0,2023-09-13 06:29:49.790073,0,False
0,2023-09-13 06:30:20.999701,0,False
0,2023-09-13 06:30:52.211869,0,False
0,2023-09-13 06:31:23.427911,0,False
0,2023-09-13 06:31:54.647370,0,False
0,2023-09-13 06:32:25.863714,0,False
0,2023-09-13 06:32:57.078015,0,False
0,2023-09-13 06:33:28.291308,0,False
0,2023-09-13 06:33:59.503923,0,False
0,2023-09-13 06:34:30.719551,0,False
0,2023-09-13 06:35:01.936117,0,False
0,2023-09-13 06:35:33.155278,0,False
0,2023-09-13 06:36:04.375339,0,False
0,2023-09-13 06:36:35.589537,0,False
0,2023-09-13 06:37:06.803175,0,False
0,2023-09-13 06:37:38.015685,0,False
0,2023-09-13 06:38:09.230518,0,False
0,2023-09-13 06:38:40.441248,0,False
0,2023-09-13 06:39:11.653666,0,False
0,2023-09-13 06:39:42.868171,0,False
0,2023-09-13 06:40:14.081621,0,False
0,2023-09-13 06:40:45.295690,0,False
0,2023-09-13 06:41:16.510041,0,False
0,2023-09-13 06:41:47.725030,0,False
0,2023-09-13 06:42:18.939495,0,False
0,2023-09-13 06:42:50.154447,0,False
0,2023-09-13 06:43:21.370444,0,False
0,2023-09-13 06:43:52.585821,0,False
0,2023-09-13 06:44:23.801953,0,False
0,2023-09-13 06:44:55.016437,0,False
0,2023-09-13 06:45:26.230543,0,False
0,2023-09-13 06:45:57.445861,0,False
0,2023-09-13 06:46:28.659968,0,False
0,2023-09-13 06:46:59.870525,0,False
0,2023-09-13 06:47:31.084272,0,False
0,2023-09-13 06:48:02.294217,0,False
0,2023-09-13 06:48:33.505983,0,False
0,2023-09-13 06:49:04.719576,0,False
0,2023-09-13 06:49:35.931983,0,False
0,2023-09-13 06:50:07.144138,0,False
0,2023-09-13 06:50:38.360487,0,False
0,2023-09-13 06:51:09.577094,0,False
0,2023-09-13 06:51:40.792898,0,False
0,2023-09-13 06:52:12.006313,0,False
0,2023-09-13 06:52:43.220805,0,False
0,2023-09-13 06:53:14.437256,0,False
0,2023-09-13 06:53:45.652533,0,False
0,2023-09-13 06:54:16.870089,0,False
0,2023-09-13 06:54:48.087833,0,False
0,2023-09-13 06:55:19.302720,0,False
0,2023-09-13 06:55:50.520131,0,False
0,2023-09-13 06:56:21.736066,0,False
0,2023-09-13 06:56:52.952339,0,False
0,2023-09-13 06:57:24.172060,0,False
0,2023-09-13 06:57:55.388878,0,False
0,2023-09-13 06:58:26.604676,0,False
0,2023-09-13 06:58:57.821930,0,False
0,2023-09-13 06:59:29.037379,0,False
0,2023-09-13 07:00:00.254522,0,False
0,2023-09-13 07:00:31.474197,0,False
0,2023-09-13 07:01:02.691916,0,False
0,2023-09-13 07:01:33.909621,0,False
0,2023-09-13 07:02:05.128650,0,False
0,2023-09-13 07:02:36.344293,0,False
0,2023-09-13 07:03:07.563182,0,False
0,2023-09-13 07:03:38.781637,0,False
0,2023-09-13 07:04:10.000337,0,False
0,2023-09-13 07:04:41.219401,0,False
0,2023-09-13 07:05:12.439413,0,False
0,2023-09-13 07:05:43.656082,0,False
0,2023-09-13 07:06:14.871380,0,False
0,2023-09-13 07:06:46.089580,0,False
0,2023-09-13 07:07:17.309034,0,False
0,2023-09-13 07:07:48.528737,0,False
0,2023-09-13 07:08:19.750329,0,False
0,2023-09-13 07:08:50.969218,0,False
0,2023-09-13 07:09:22.184718,0,False
0,2023-09-13 07:09:53.400650,0,False
0,2023-09-13 07:10:24.618230,0,False
0,2023-09-13 07:10:55.836384,0,False
0,2023-09-13 07:11:27.055594,0,False
0,2023-09-13 07:11:58.270647,0,False
0,2023-09-13 07:12:29.488874,0,False
0,2023-09-13 07:13:00.709779,0,False
0,2023-09-13 07:13:31.931811,0,False
0,2023-09-13 07:14:03.149993,0,False
0,2023-09-13 07:14:34.368781,0,False
0,2023-09-13 07:15:05.586178,0,False
0,2023-09-13 07:15:36.803019,0,False
0,2023-09-13 07:16:08.023294,0,False
0,2023-09-13 07:16:39.241224,0,False
0,2023-09-13 07:17:10.459207,0,False
0,2023-09-13 07:17:41.676697,0,False
0,2023-09-13 07:18:12.894613,0,False
0,2023-09-13 07:18:44.108246,0,False
0,2023-09-13 07:19:15.321378,0,False
0,2023-09-13 07:19:46.532928,0,False
0,2023-09-13 07:20:17.743596,0,False
0,2023-09-13 07:20:48.954517,0,False
0,2023-09-13 07:21:20.168116,0,False
0,2023-09-13 07:21:51.380635,0,False
0,2023-09-13 07:22:22.596280,0,False
0,2023-09-13 07:22:53.809830,0,False
0,2023-09-13 07:23:25.025984,0,False
0,2023-09-13 07:23:56.241417,0,False
0,2023-09-13 07:24:27.456825,0,False
0,2023-09-13 07:24:58.668978,0,False
0,2023-09-13 07:25:29.884396,0,False
0,2023-09-13 07:26:01.098253,0,False
0,2023-09-13 07:26:32.314143,0,False
0,2023-09-13 07:27:03.531454,0,False
0,2023-09-13 07:27:34.747168,0,False
0,2023-09-13 07:28:05.959049,0,False
0,2023-09-13 07:28:37.172992,0,False
0,2023-09-13 07:29:08.385581,0,False
0,2023-09-13 07:29:39.598479,0,False
0,2023-09-13 07:30:10.812722,0,False
0,2023-09-13 07:30:42.028784,0,False
0,2023-09-13 07:31:13.243750,0,False
0,2023-09-13 07:31:44.461050,0,False
0,2023-09-13 07:32:15.680953,0,False
0,2023-09-13 07:32:46.892174,0,False
0,2023-09-13 07:33:18.104918,0,False
0,2023-09-13 07:33:49.315499,0,False
0,2023-09-13 07:34:20.526532,0,False
0,2023-09-13 07:34:51.743823,0,False
0,2023-09-13 07:35:22.961569,0,False
0,2023-09-13 07:35:54.175942,0,False
0,2023-09-13 07:36:25.392906,0,False
0,2023-09-13 07:36:56.607932,0,False
0,2023-09-13 07:37:27.823002,0,False
0,2023-09-13 07:37:59.039397,0,False
0,2023-09-13 07:38:30.257674,0,False
0,2023-09-13 07:39:01.475846,0,False
0,2023-09-13 07:39:32.690982,0,False
0,2023-09-13 07:40:03.903708,0,False
0,2023-09-13 07:40:35.121009,0,False
0,2023-09-13 07:41:06.337969,0,False
0,2023-09-13 07:41:37.559630,0,False
0,2023-09-13 07:42:08.777675,0,False
0,2023-09-13 07:42:39.997127,0,False
0,2023-09-13 07:43:11.216008,0,False
0,2023-09-13 07:43:42.433893,0,False
0,2023-09-13 07:44:13.653120,0,False
0,2023-09-13 07:44:44.867242,0,False
0,2023-09-13 07:45:16.084802,0,False
0,2023-09-13 07:45:47.300674,0,False
0,2023-09-13 07:46:18.515685,0,False
0,2023-09-13 07:46:49.726657,0,False
0,2023-09-13 07:47:20.936405,0,False
0,2023-09-13 07:47:52.147356,0,False
0,2023-09-13 07:48:23.357348,0,False
0,2023-09-13 07:48:54.567266,0,False
0,2023-09-13 07:49:25.778217,0,False
0,2023-09-13 07:49:56.994999,0,False
0,2023-09-13 07:50:28.209857,0,False
0,2023-09-13 07:50:59.423411,0,False
0,2023-09-13 07:51:30.638252,0,False
0,2023-09-13 07:52:01.853379,0,False
0,2023-09-13 07:52:33.065369,0,False
0,2023-09-13 07:53:04.279523,0,False
0,2023-09-13 07:53:35.493919,0,False
0,2023-09-13 07:54:06.708008,0,False
0,2023-09-13 07:54:37.924581,0,False
0,2023-09-13 07:55:09.141710,0,False
0,2023-09-13 07:55:40.357728,0,False
0,2023-09-13 07:56:11.570599,0,False
0,2023-09-13 07:56:42.783169,0,False
0,2023-09-13 07:57:13.991594,0,False
0,2023-09-13 07:57:45.200393,0,False
0,2023-09-13 07:58:16.413976,0,False
0,2023-09-13 07:58:47.628108,0,False
0,2023-09-13 07:59:18.843116,0,False
0,2023-09-13 07:59:50.059134,0,False
0,2023-09-13 08:00:21.271851,0,False
0,2023-09-13 08:00:52.485462,0,False
0,2023-09-13 08:01:23.700952,0,False
0,2023-09-13 08:01:54.915481,0,False
0,2023-09-13 08:02:26.127503,0,False
0,2023-09-13 08:02:57.339768,0,False
0,2023-09-13 08:03:28.554679,0,False
0,2023-09-13 08:03:59.768697,0,False
0,2023-09-13 08:04:30.982708,0,False
0,2023-09-13 08:05:02.194214,0,False
0,2023-09-13 08:05:33.407114,0,False
0,2023-09-13 08:06:04.622024,0,False
0,2023-09-13 08:06:35.836060,0,False
0,2023-09-13 08:07:07.049410,0,False
0,2023-09-13 08:07:38.264862,0,False
0,2023-09-13 08:08:09.476630,0,False
0,2023-09-13 08:08:40.689499,0,False
0,2023-09-13 08:09:11.905834,0,False
0,2023-09-13 08:09:43.120708,0,False
0,2023-09-13 08:10:14.335395,0,False
0,2023-09-13 08:10:45.549239,0,False
0,2023-09-13 08:11:16.762582,0,False
0,2023-09-13 08:11:47.975437,0,False
0,2023-09-13 08:12:19.187110,0,False
0,2023-09-13 08:12:50.402915,0,False
0,2023-09-13 08:13:21.616154,0,False
0,2023-09-13 08:13:52.830346,0,False
0,2023-09-13 08:14:24.042451,0,False
0,2023-09-13 08:14:55.252723,0,False
0,2023-09-13 08:15:26.465039,0,False
0,2023-09-13 08:15:57.679673,0,False
0,2023-09-13 08:16:28.892829,0,False
0,2023-09-13 08:17:00.106739,0,False
0,2023-09-13 08:17:31.323011,0,False
0,2023-09-13 08:18:02.540229,0,False
0,2023-09-13 08:18:33.756111,0,False
0,2023-09-13 08:19:04.970492,0,False
0,2023-09-13 08:19:36.187683,0,False
0,2023-09-13 08:20:07.402184,0,False
0,2023-09-13 08:20:38.616218,0,False
0,2023-09-13 08:21:09.829863,0,False
0,2023-09-13 08:21:41.042081,0,False
0,2023-09-13 08:22:12.255757,0,False
0,2023-09-13 08:22:43.468018,0,False
0,2023-09-13 08:23:14.679323,0,False
0,2023-09-13 08:23:45.888692,0,False
0,2023-09-13 08:24:17.097958,0,False
0,2023-09-13 08:24:48.307787,0,False
0,2023-09-13 08:25:19.519696,0,False
0,2023-09-13 08:25:50.728106,0,False
0,2023-09-13 08:26:21.938987,0,False
0,2023-09-13 08:26:53.148070,0,False
0,2023-09-13 08:27:24.357829,0,False
0,2023-09-13 08:27:55.567441,0,False
0,2023-09-13 08:28:26.777911,0,False
0,2023-09-13 08:28:57.992198,0,False
0,2023-09-13 08:29:29.206196,0,False
0,2023-09-13 08:30:00.419338,0,False
0,2023-09-13 08:30:31.633365,0,False
0,2023-09-13 08:31:02.848939,0,False
0,2023-09-13 08:31:34.063585,0,False
0,2023-09-13 08:32:05.276140,0,False
0,2023-09-13 08:32:36.489344,0,False
0,2023-09-13 08:33:07.702134,0,False
0,2023-09-13 08:33:38.915256,0,False
0,2023-09-13 08:34:10.127811,0,False
0,2023-09-13 08:34:41.340093,0,False
0,2023-09-13 08:35:12.551684,0,False
0,2023-09-13 08:35:43.763236,0,False
0,2023-09-13 08:36:14.973999,0,False
0,2023-09-13 08:36:46.184173,0,False
0,2023-09-13 08:37:17.394534,0,False
0,2023-09-13 08:37:48.604311,0,False
0,2023-09-13 08:38:19.811600,0,False
0,2023-09-13 08:38:51.021607,0,False
0,2023-09-13 08:39:22.233878,0,False
0,2023-09-13 08:39:53.445544,0,False
0,2023-09-13 08:40:24.656151,0,False
0,2023-09-13 08:40:55.869774,0,False
0,2023-09-13 08:41:27.081045,0,False
0,2023-09-13 08:41:58.293729,0,False
0,2023-09-13 08:42:29.508688,0,False
0,2023-09-13 08:43:00.727352,0,False
0,2023-09-13 08:43:31.946989,0,False
0,2023-09-13 08:44:03.167502,0,False
0,2023-09-13 08:44:34.388506,0,False
0,2023-09-13 08:45:05.609231,0,False
0,2023-09-13 08:45:36.831159,0,False
0,2023-09-13 08:46:08.055084,0,False
0,2023-09-13 08:46:39.277872,0,False
0,2023-09-13 08:47:10.500600,0,False
0,2023-09-13 08:47:41.722334,0,False
0,2023-09-13 08:48:12.940749,0,False
0,2023-09-13 08:48:44.161818,0,False
0,2023-09-13 08:49:15.380047,0,False
0,2023-09-13 08:49:46.599647,0,False
0,2023-09-13 08:50:17.820029,0,False
0,2023-09-13 08:50:49.042547,0,False
0,2023-09-13 08:51:20.264256,0,False
0,2023-09-13 08:51:51.484136,0,False
0,2023-09-13 08:52:22.705241,0,False
0,2023-09-13 08:52:53.932815,0,False
0,2023-09-13 08:53:25.161611,0,False
0,2023-09-13 08:53:56.387689,0,False
0,2023-09-13 08:54:27.614952,0,False
0,2023-09-13 08:54:58.841765,0,False
0,2023-09-13 08:55:30.066227,0,False
0,2023-09-13 08:56:01.291478,0,False
0,2023-09-13 08:56:32.516370,0,False
0,2023-09-13 08:57:03.740220,0,False
0,2023-09-13 08:57:34.962845,0,False
0,2023-09-13 08:58:06.183852,0,False
0,2023-09-13 08:58:37.407477,0,False
0,2023-09-13 08:59:08.631296,0,False
0,2023-09-13 08:59:39.856786,0,False
0,2023-09-13 09:00:11.078526,0,False
0,2023-09-13 09:00:42.301685,0,False
0,2023-09-13 09:01:13.525692,0,False
0,2023-09-13 09:01:44.750490,0,False
0,2023-09-13 09:02:15.976473,0,False
0,2023-09-13 09:02:47.201741,0,False
0,2023-09-13 09:03:18.428580,0,False
0,2023-09-13 09:03:49.654173,0,False
0,2023-09-13 09:04:20.876340,0,False
0,2023-09-13 09:04:52.099397,0,False
0,2023-09-13 09:05:23.320071,0,False
0,2023-09-13 09:05:54.543239,0,False
0,2023-09-13 09:06:25.765824,0,False
0,2023-09-13 09:06:56.988029,0,False
0,2023-09-13 09:07:28.211279,0,False
0,2023-09-13 09:07:59.433586,0,False
0,2023-09-13 09:08:30.658320,0,False
0,2023-09-13 09:09:01.879293,0,False
0,2023-09-13 09:09:33.100975,0,False
0,2023-09-13 09:10:04.324057,0,False
0,2023-09-13 09:10:35.545543,0,False
0,2023-09-13 09:11:06.768333,0,False
0,2023-09-13 09:11:37.989074,0,False
0,2023-09-13 09:12:09.206389,0,False
0,2023-09-13 09:12:40.423054,0,False
0,2023-09-13 09:13:11.642003,0,False
0,2023-09-13 09:13:42.859957,0,False
0,2023-09-13 09:14:14.078863,0,False
0,2023-09-13 09:14:45.302063,0,False
0,2023-09-13 09:15:16.525546,0,False
0,2023-09-13 09:15:47.751112,0,False
0,2023-09-13 09:16:18.977653,0,False
0,2023-09-13 09:16:50.205808,0,False
0,2023-09-13 09:17:21.431270,0,False
0,2023-09-13 09:17:52.655170,0,False
0,2023-09-13 09:18:23.879825,0,False
0,2023-09-13 09:18:55.106818,0,False
0,2023-09-13 09:19:26.333124,0,False
0,2023-09-13 09:19:57.559575,0,False
0,2023-09-13 09:20:28.783871,0,False
0,2023-09-13 09:21:00.003457,0,False
0,2023-09-13 09:21:31.227438,0,False
0,2023-09-13 09:22:02.452604,0,False
0,2023-09-13 09:22:33.677081,0,False
0,2023-09-13 09:23:04.902038,0,False
0,2023-09-13 09:23:36.124209,0,False
0,2023-09-13 09:24:07.347253,0,False
0,2023-09-13 09:24:38.569989,0,False
0,2023-09-13 09:25:09.794548,0,False
0,2023-09-13 09:25:41.021536,0,False
0,2023-09-13 09:26:12.246819,0,False
0,2023-09-13 09:26:43.472159,0,False
0,2023-09-13 09:27:14.699445,0,False
0,2023-09-13 09:27:45.924646,0,False
0,2023-09-13 09:28:17.150033,0,False
0,2023-09-13 09:28:48.375730,0,False
0,2023-09-13 09:29:19.601625,0,False
0,2023-09-13 09:29:50.825200,0,False
0,2023-09-13 09:30:22.048679,0,False
0,2023-09-13 09:30:53.269999,0,False
0,2023-09-13 09:31:24.488829,0,False
0,2023-09-13 09:31:55.708685,0,False
0,2023-09-13 09:32:26.929082,0,False
0,2023-09-13 09:32:58.150983,0,False
0,2023-09-13 09:33:29.372738,0,False
0,2023-09-13 09:34:00.592030,0,False
0,2023-09-13 09:34:31.809019,0,False
0,2023-09-13 09:35:03.027293,0,False
0,2023-09-13 09:35:34.244327,0,False
0,2023-09-13 09:36:05.461536,0,False
0,2023-09-13 09:36:36.679101,0,False
0,2023-09-13 09:37:07.895557,0,False
0,2023-09-13 09:37:39.111996,0,False
0,2023-09-13 09:38:10.329098,0,False
0,2023-09-13 09:38:41.545007,0,False
0,2023-09-13 09:39:12.757522,0,False
0,2023-09-13 09:39:43.973130,0,False
0,2023-09-13 09:40:15.191308,0,False
0,2023-09-13 09:40:46.412090,0,False
0,2023-09-13 09:41:17.628779,0,False
0,2023-09-13 09:42:31.154742,0,False
0,2023-09-13 09:43:02.376302,0,False
0,2023-09-13 09:43:33.597974,0,False
0,2023-09-13 09:44:04.822431,0,False
0,2023-09-13 09:44:36.048532,1.6,False
0,2023-09-13 09:45:07.270706,1.6,False
0,2023-09-13 09:45:38.493287,1.6,False
0,2023-09-13 09:46:09.715021,1.6,False
0,2023-09-13 09:46:40.941243,0,False
0,2023-09-13 09:47:12.166986,0,False
0,2023-09-13 09:47:43.394227,0,False
0,2023-09-13 09:48:14.619447,0,False
0,2023-09-13 09:49:23.109729,0,False
0,2023-09-13 09:49:54.330312,1.6,False
0,2023-09-13 09:50:25.550282,1.6,False
0,2023-09-13 09:50:56.771026,1.6,False
0,2023-09-13 09:51:27.993947,1.6,False
0,2023-09-13 09:51:59.217895,0,False
0,2023-09-13 09:52:30.440328,0,False
0,2023-09-13 09:53:34.903021,0,False
0,2023-09-13 09:54:06.124757,1.6,False
0,2023-09-13 09:54:37.345074,1.6,False
0,2023-09-13 09:55:08.565428,1.6,False
0,2023-09-13 09:55:39.784501,1.6,False
0,2023-09-13 09:56:11.003980,0,False
0,2023-09-13 09:57:19.496753,0,False
0,2023-09-13 09:57:50.716770,1.6,False
0,2023-09-13 09:58:21.937709,1.6,False
0,2023-09-13 09:58:53.160337,1.6,False
0,2023-09-13 09:59:24.379150,1.6,False
0,2023-09-13 09:59:55.601928,0,False
0,2023-09-13 10:00:26.824517,0,False
0,2023-09-13 10:00:58.043680,0,False
0,2023-09-13 10:01:29.262585,0,False
0,2023-09-13 10:02:00.487464,0,False
0,2023-09-13 10:02:31.702133,0,False
0,2023-09-13 10:03:02.919955,0,False
0,2023-09-13 10:03:34.139287,0,False
0,2023-09-13 10:04:05.358367,0,False
0,2023-09-13 10:04:36.578388,0,False
0,2023-09-13 10:05:07.801876,0,False
0,2023-09-13 10:05:39.020695,0,False
0,2023-09-13 10:06:10.243940,0,False
0,2023-09-13 10:06:41.468308,0,False
0,2023-09-13 10:07:33.847857,0,False
0,2023-09-13 10:08:05.066851,1.6,False
0,2023-09-13 10:08:36.286881,1.6,False
0,2023-09-13 10:09:07.506498,1.6,False
0,2023-09-13 10:09:38.725899,1.6,False
0,2023-09-13 10:10:09.943902,0,False
0,2023-09-13 10:10:41.162124,0,False
0,2023-09-13 10:11:12.381950,0,False
0,2023-09-13 10:11:43.600801,0,False
0,2023-09-13 10:12:14.822712,0,False
0,2023-09-13 10:12:46.044798,0,False
0,2023-09-13 10:13:17.265261,0,False
0,2023-09-13 10:13:48.486793,0,False
0,2023-09-13 10:14:19.708492,0,False
0,2023-09-13 10:14:50.926849,0,False
0,2023-09-13 10:15:22.145855,0,False
0,2023-09-13 10:15:53.364803,0,False
0,2023-09-13 10:16:24.584434,0,False
0,2023-09-13 10:16:55.803910,0,False
0,2023-09-13 10:17:27.027287,0,False
0,2023-09-13 10:17:58.248908,0,False
0,2023-09-13 10:18:29.471811,0,False
0,2023-09-13 10:19:00.692737,0,False
0,2023-09-13 10:19:31.912456,0,False
0,2023-09-13 10:20:03.132577,0,False
0,2023-09-13 10:20:34.354187,0,False
0,2023-09-13 10:21:05.576010,0,False
0,2023-09-13 10:21:36.798756,0,False
0,2023-09-13 10:22:08.018896,0,False
0,2023-09-13 10:22:39.239808,0,False
0,2023-09-13 10:23:10.461910,0,False
0,2023-09-13 10:23:41.683556,0,False
0,2023-09-13 10:24:12.904166,0,False
0,2023-09-13 10:24:44.126450,0,False
0,2023-09-13 10:25:15.348606,0,False
0,2023-09-13 10:26:28.874403,0,False
0,2023-09-13 10:27:00.091829,1.6,False
0,2023-09-13 10:27:31.309388,1.6,False
0,2023-09-13 10:28:02.529665,1.6,False
0,2023-09-13 10:28:33.747549,1.6,False
0,2023-09-13 10:29:04.962280,0,False
0,2023-09-13 10:29:36.178162,0,False
0,2023-09-13 10:30:07.395099,0,False
0,2023-09-13 10:30:38.610573,0,False
0,2023-09-13 10:31:09.824919,0,False
0,2023-09-13 10:31:41.044574,0,False
0,2023-09-13 10:32:12.259981,0,False
0,2023-09-13 10:32:43.474410,0,False
0,2023-09-13 10:33:14.687205,0,False
0,2023-09-13 10:33:45.900402,0,False
0,2023-09-13 10:34:17.116510,0,False
0,2023-09-13 10:34:48.332470,0,False
0,2023-09-13 10:35:19.547822,0,False
0,2023-09-13 10:35:50.765911,0,False
0,2023-09-13 10:36:21.980661,0,False
0,2023-09-13 10:36:53.196933,0,False
0,2023-09-13 10:37:24.412791,0,False
0,2023-09-13 10:37:55.628548,0,False
0,2023-09-13 10:38:26.842011,0,False
0,2023-09-13 10:38:58.057674,0,False
0,2023-09-13 10:39:29.273675,0,False
0,2023-09-13 10:40:00.489865,0,False
0,2023-09-13 10:40:31.704730,0,False
0,2023-09-13 10:41:02.920065,0,False
0,2023-09-13 10:41:34.138697,0,False
0,2023-09-13 10:42:05.356498,0,False
0,2023-09-13 10:42:36.575197,0,False
0,2023-09-13 10:43:07.796611,0,False
0,2023-09-13 10:43:39.013657,0,False
0,2023-09-13 10:44:10.230044,0,False
0,2023-09-13 10:44:41.448876,0,False
0,2023-09-13 10:45:12.668580,0,False
0,2023-09-13 10:45:43.887746,0,False
0,2023-09-13 10:46:15.105349,0,False
0,2023-09-13 10:46:46.324084,0,False
0,2023-09-13 10:47:17.543649,0,False
0,2023-09-13 10:47:48.763947,0,False
